순번,관리번호,설치장소명,유형,전체높이(m),펼침지름(m),설치일자,도로명주소,지번주소,위도,경도,관리기관명
1,조치원읍-9,국민은행 앞,그늘막(스마트형),3,5,2018-08-31, ,세종특별자치시 세종시 조치원읍 원리 13 ,36.6014969,127.2994857,조치원읍
2,조치원읍-10,시민회관사거리 하나의원 앞,그늘막(스마트형),3,5,2018-08-31,세종특별자치시 세종시 조치원읍 조치원로 42   ,세종특별자치시 세종시 조치원읍 상리 138-3 ,36.6011676,127.3015575,조치원읍
3,조치원읍-11,조치원 복합커뮤니티센터 앞,그늘막(스마트형),3.1,5,2022-09-16, ,세종특별자치시 세종시 조치원읍 신흥리 227-21 ,36.5950998,127.2884509,조치원읍
4,조치원읍-15,신흥사거리 삼각지역,그늘막(스마트형),3,5.4,2023-08-16, ,세종특별자치시 세종시 조치원읍 신흥리 271-6 ,36.5953,127.2909,조치원읍
5,조치원읍-16,상리사거리 삼각지역,그늘막(스마트형),3,5.4,2024-06-05, ,세종특별자치시 세종시 조치원읍 상리 36-1 ,36.6032078,127.304627,조치원읍
6,조치원읍-17,상리사거리 삼각지,그늘막(스마트형),3,5.4,2024-06-05,세종특별자치시 세종시 조치원읍 허만석로 266   ,세종특별자치시 세종시 조치원읍 상리 168-1 ,36.6030312,127.3051178,조치원읍
7,조치원읍-18,상리사거리 삼각지,그늘막(스마트형),3,5.4,2024-06-05, ,세종특별자치시 세종시 조치원읍 상리 48-3 ,36.6029042,127.3048523,조치원읍
8,조치원읍-19,"인접 교리10-1, 행복마트앞",그늘막(스마트형),3,5.4,2024-07-10, ,세종특별자치시 세종시 조치원읍 교리 28-2 ,36.6046785,127.2976291,조치원읍
9,조치원읍-20,신흥주공아파트 앞,그늘막(스마트형),3,5.4,2024-07-10, ,세종특별자치시 세종시 조치원읍 신흥리 390-7 ,36.5952727,127.2931015,조치원읍
10,조치원읍-21,시민체육관 앞,그늘막(스마트형),3,5.4,2024-07-10,세종특별자치시 세종시 조치원읍 대첩로 116   ,세종특별자치시 세종시 조치원읍 신흥리 380 ,36.5947257,127.2844112,조치원읍
11,조치원읍-22,서창행복주택아파트 건너편,그늘막(스마트형),3,5.4,2024-07-10, ,세종특별자치시 세종시 조치원읍 서창리 92-5 ,36.6104445,127.2967735,조치원읍
12,조치원읍-23,현대차 앞,그늘막(스마트형),3,5.4,2024-07-10, ,세종특별자치시 세종시 조치원읍 죽림리 237-7 ,36.5925572,127.2987825,조치원읍
13,연기면-01,연기사거리 상행,그늘막(스마트형),3,5.4,2024-12-04,,세종특별자치시 연기면 연기리 751-1      ,,,연기면
14,연기면-02,연기사거리 하행,그늘막(스마트형),3,5.4,2024-12-04,,세종특별자치시 연기면 보통리 365-12      ,,,연기면
15,연서면-1,봉암사거리 봉암손짜장 앞,그늘막(스마트형),3,3.3,2024-06-25, ,세종특별자치시 세종시 연서면 봉암리 234-56 ,36.5617,127.2853,연서면
16,연서면-2,봉암사거리 봉암손짜장 맞은편,그늘막(스마트형),3,3.3,2024-06-25, ,세종특별자치시 세종시 연서면 봉암리 234-2 ,36.5621,127.2848,연서면
17,한솔동-13,첫마을 4단지 인근 삼거리 횡단보도,그늘막(스마트형),2.8,4.6,2021-06-30, ,세종특별자치시 세종시 한솔동 1229 ,36.4803502,127.2536383,한솔동
18,한솔동-14,아침뜰근린공원 인근 횡단보도,그늘막(스마트형),2.8,4.6,2021-06-30, ,세종특별자치시 세종시 한솔동 1229 ,36.4777169,127.2497093,한솔동
19,한솔동-15,세종중앙농협 첫마을점 인근 횡단보도,그늘막(스마트형),2.8,4.6,2021-06-30, ,세종특별자치시 세종시 한솔동 1229 ,36.4758137,127.2516935,한솔동
20,한솔동-16,교촌치킨 앞,그늘막(스마트형),2.8,4.6,2022-07-01, ,세종특별자치시 세종시 한솔동 1230 ,36.480369,127.253521,한솔동
21,한솔동-17,KB국민은행 맞은편,그늘막(스마트형),2.8,4.6,2022-07-01, ,세종특별자치시 세종시 한솔동 1231 ,36.482031,127.259959,한솔동
22,한솔동-18,첫마을 7단지 정문쪽 신호등,그늘막(스마트형),2.8,4.6,2022-07-01, ,세종특별자치시 세종시 한솔동 1234 ,36.474299,127.255035,한솔동
23,한솔동-19,아침뜰근린공원 물빛마당 인근,그늘막(스마트형),3,4.6,2022-09-01, ,세종특별자치시 세종시 한솔동 1229 ,36.4796,127.2508,한솔동
24,한솔동-20,어울로3길 주택단지 인근,그늘막(스마트형),3,4,2022-09-01, ,세종특별자치시 세종시 한솔동 1229 ,36.4794,127.2507,한솔동
25,한솔동-22,첫마을 103동 앞,그늘막(스마트형),3,5.4,2023-05-23, ,세종특별자치시 세종시 한솔동 1231 ,36.4822,127.2599,한솔동
26,한솔동-23,첫마을 101동 앞,그늘막(스마트형),3,5.4,2023-05-23, ,세종특별자치시 세종시 한솔동 1231 ,36.4802,127.2586,한솔동
27,한솔동-27,세종 꿈의교회 앞,그늘막(스마트형),3,5.4,2024-06-05, ,세종특별자치시 세종시 한솔동 1230 ,36.478612,127.2558,한솔동
28,한솔동-28,,그늘막(스마트형),3,5.4,2024-06-05, ,세종특별자치시 세종시 한솔동 1229 ,36.476353,127.251192,한솔동
29,한솔동-29,첫마을 5단지 GS편의점 옆,그늘막(스마트형),3,5.4,2024-07-30, ,세종특별자치시 세종시 한솔동 1229 ,36.476566,127.251366,한솔동
30,한솔동-30,첫마을 3단지 309동 도로변,그늘막(스마트형),3,5.4,2024-12-02, ,세종특별자치시 세종시 한솔동 1234 ,36.478419,127.26154,한솔동
31,새롬동-10,스타 벅스 앞 ,그늘막(스마트형),3,5,2021-05-25, ,세종특별자치시 세종시 새롬동 626 ,36.4864285,127.2507963,새롬동
32,새롬동-11,스타벅스 건너편 ,그늘막(스마트형),3,5,2021-05-25, ,세종특별자치시 세종시 새롬동 626 ,36.4862801,127.2508179,새롬동
33,새롬동-22,새롬동 615,그늘막(스마트형),3,3,2023-06-28, ,세종특별자치시 세종시 새롬동 615 ,36.4795291,127.2460309,새롬동
34,새롬동-23,새롬동 615,그늘막(스마트형),3,5,2023-06-28, ,세종특별자치시 세종시 새롬동 615 ,36.4796907,127.2463439,새롬동
35,새롬동-34,402동 이마트에브리데이 앞,그늘막(스마트형),3,5.4,2023-12-26,"세종특별자치시 세종시 새롬북로 13   (새롬동, 새뜸마을4단지)",세종특별자치시 세종시 새롬동 554 ,36.4866,127.2467,새롬동
36,새롬동-35,새뜸마을 2단지 앞,그늘막(스마트형),3,5.4,2024-07-10, ,세종특별자치시 세종시 새롬동 615 ,36.4826,127.2462,새롬동
37,나성동-13,정부세종2청사 앞,그늘막(스마트형),3,5,2020-09-14, ,세종특별자치시 세종시 나성동 726 ,36.4840581,127.2593376,나성동
38,나성동-14,정부세종2청사 앞,그늘막(스마트형),3,5,2020-09-14, ,세종특별자치시 세종시 나성동 726 ,36.485916,127.2586133,나성동
39,나성동-21,국세청 앞,그늘막(스마트형),3,5,2020-09-14,세종특별자치시 세종시 한누리대로 219   (나성동),세종특별자치시 세종시 나성동 752 ,36.4841,127.2593,나성동
40,나성동-22,행정안전부 맞은편,그늘막(스마트형),3,5,2020-09-14, ,세종특별자치시 세종시 나성동 726 ,36.4837025,127.2595972,나성동
41,나성동-27,나성동 306동 앞 횡단보도,그늘막(스마트형),3,5,2022-06-03, ,세종특별자치시 세종시 나성동 366-2 ,36.4898738,127.2627632,나성동
42,나성동-28,나성동 309동 앞 횡단보도(서북쪽),그늘막(스마트형),3,5,2022-06-03, ,세종특별자치시 세종시 나성동 261-2 ,36.4885,127.2638,나성동
43,나성동-29,나성동 복컴 앞 횡단보도(동북쪽),그늘막(스마트형),3,5,2022-06-03, ,세종특별자치시 세종시 나성동 261-2 ,36.4886532,127.2640286,나성동
44,나성동-30,나성동 403동 앞 횡단보도,그늘막(스마트형),3,5,2022-06-03, ,세종특별자치시 세종시 나성동 349-3 ,36.4916,127.2626,나성동
45,나성동-31,나성동 601동 앞 횡단보도,그늘막(스마트형),3,5,2022-06-03, ,세종특별자치시 세종시 나성동 345-3 ,36.4918,127.2626,나성동
46,나성동-35,나성초등학교 앞 횡단보도 부근,그늘막(스마트형),3,5,2023-05-24,세종특별자치시 세종시 갈매로 294   (나성동),세종특별자치시 세종시 나성동 849 ,36.4901,127.2632,나성동
47,나성동-36,퍼스트원사거리 동북쪽 횡단보도 앞,그늘막(스마트형),3,5,2023-05-24, ,세종특별자치시 세종시 나성동 361-236 ,36.4897,127.2595,나성동
48,나성동-37,퍼스트원사거리 동남쪽 횡단보도 앞,그늘막(스마트형),3,5,2023-05-24,세종특별자치시 세종시 나성북로 30   (나성동),세종특별자치시 세종시 나성동 809 ,36.4896,127.2595,나성동
49,나성동-38,광장용지 앞 횡단보도,그늘막(스마트형),3,5,2023-05-24, ,세종특별자치시 세종시 나성동 381-1 ,36.4882,127.2599,나성동
50,나성동-39,광장용지 앞 횡단보도 우측,그늘막(스마트형),3,5,2023-05-24, ,세종특별자치시 세종시 나성동 810 ,36.4883,127.2601,나성동
51,나성동-40,나릿재마을2단지 상가 코너,그늘막(스마트형),3,5,2023-08-04, ,세종특별자치시 세종시 나성동 863 ,36.487,127.2651,나성동
52,나성동-41,세종예술의전당 코너,그늘막(스마트형),3,5,2023-08-04, ,세종특별자치시 세종시 나성동 864 ,36.4865,127.2655,나성동
53,나성동-42,나성중 사거리,그늘막(스마트형),3,5,2023-11-29, ,세종특별자치시 세종시 나성동 860 ,36.4916,127.2629,나성동
54,나성동-43,퍼스트원 사거리 서북쪽,그늘막(스마트형),3,5,2024-03-06, ,세종특별자치시 세종시 나성동 837 ,36.4897,127.2593,나성동
55,나성동-44,퍼스트원 사거리 서남쪽,그늘막(스마트형),3,5,2024-03-06, ,세종특별자치시 세종시 나성동 804 ,36.4895,127.2594,나성동
56,나성동-45,풀꽃마당 사거리 서북쪽,그늘막(스마트형),3,5,2024-03-06, ,세종특별자치시 세종시 나성동 823 ,36.4871,127.2607,나성동
57,나성동-46,나성중학교 사거리 동북쪽,그늘막(스마트형),3,5,2024-07-10, ,세종특별자치시 세종시 나성동 771 ,36.491776,127.262804,나성동
58,나성동-47,풀꽃마당 사거리 서남쪽,그늘막(스마트형),3,5,2024-07-10, ,세종특별자치시 세종시 나성동 846 ,36.486954,127.260857,나성동
59,도담동-03,(도램 602동 앞 사거리),그늘막(스마트형),3,5.4,2022-06-28, ,세종특별자치시 세종시 도담동 852 ,36.5087597,127.2611567,도담동
60,도담동-04,(도램 903동 앞 사거리),그늘막(스마트형),3,5.4,2022-06-28, ,세종특별자치시 세종시 도담동 402 ,36.5087506,127.2618377,도담동
61,도담동-05,도램마을A BRT정류장,그늘막(스마트형),3,5.4,2022-06-28,"세종특별자치시 세종시 보듬4로 9   (도담동, 도램마을11단지)",세종특별자치시 세종시 도담동 653 ,36.5144953,127.2592937,도담동
62,도담동-06,도램마을A BRT정류장,그늘막(스마트형),3,5.4,2022-06-28,"세종특별자치시 세종시 보듬4로 9   (도담동, 도램마을11단지)",세종특별자치시 세종시 도담동 653 ,36.5142918,127.2593196,도담동
63,도담동-23,(도램마을 1802-1902동 사이 횡단보도),그늘막(스마트형),3.7,5,2022-12-02, ,세종특별자치시 세종시 도담동 637 ,36.5149139,127.2662712,도담동
64,도담동-24,(도램마을 1603-1703동 사이 횡단보도),그늘막(스마트형),3.7,5,2022-12-02, ,세종특별자치시 세종시 도담동 640 ,36.5149019,127.2658714,도담동
65,도담동-25,(도램 14-15단지 사이 횡단보도 1405동 앞),그늘막(스마트형),3,5.4,2023-08-03, ,세종특별자치시 세종시 도담동 858-1 ,36.5113,127.2656,도담동
66,어진동-02,정부청사북측 BRT 정류장,그늘막(스마트형),3,5,2020-09-14, ,세종특별자치시 세종시 어진동 534 ,36.5045415,127.2610291,어진동
67,어진동-03,정부청사북측 BRT 정류장,그늘막(스마트형),3,5,2020-09-14, ,세종특별자치시 세종시 어진동 533 ,36.5049295,127.2609637,어진동
68,어진동-04,정부청사북측 BRT정류장,그늘막(스마트형),3,5,2020-09-14,세종특별자치시 세종시 도움6로 11   (어진동),세종특별자치시 세종시 어진동 560 ,36.5047111,127.2616658,어진동
69,어진동-05,정부청사북측 BRT정류장,그늘막(스마트형),3,5,2020-09-14, ,세종특별자치시 세종시 어진동 717 ,36.5043305,127.2614629,어진동
70,어진동-28,국무조정실 앞,그늘막(스마트형),3,5,2020-09-14, ,세종특별자치시 세종시 어진동 733 ,36.504026,127.27029,어진동
71,어진동-29,(국무조정실 맞은편),그늘막(스마트형),3,5,2020-09-14, ,세종특별자치시 세종시 어진동 733 ,36.5041525,127.2699369,어진동
72,어진동-37,(어진동 588 앞 횡단보도),그늘막(스마트형),3.1,5,2022-09-16, ,세종특별자치시 세종시 어진동 494 ,36.4985588,127.2585153,어진동
73,어진동-41,(어진동 604 앞 횡단보도),그늘막(스마트형),3.1,5,2022-09-16, ,세종특별자치시 세종시 어진동 733 ,36.5049604,127.2677301,어진동
74,어진동-46,중앙동 앞 북서,그늘막(스마트형),3,5.4,2023-08-16, ,세종특별자치시 세종시 어진동 719 ,36.5037,127.264,어진동
75,어진동-47,중앙동 앞 북동,그늘막(스마트형),3,5.4,2023-08-16, ,세종특별자치시 세종시 어진동 717 ,36.503,127.2664,어진동
76,어진동-48,중앙동 앞 남동,그늘막(스마트형),3,5.4,2023-08-16, ,세종특별자치시 세종시 어진동 721 ,36.501,127.2655,어진동
77,어진동-49,중앙동 앞 남서,그늘막(스마트형),3,5.4,2023-08-16, ,세종특별자치시 세종시 어진동 719 ,36.5018,127.2631,어진동
78,어진동-54,세종인재평생교육원,그늘막(스마트형),3,5.4,2023-09-18,세종특별자치시 세종시 갈매로 387   (어진동),세종특별자치시 세종시 어진동 593 ,36.4987,127.2644,어진동
79,어진동-55,해외문화홍보원,그늘막(스마트형),3,5.4,2023-09-18, ,세종특별자치시 세종시 어진동 579 ,36.4990351,127.2644663,어진동
80,어진동-56,정부청사 맞은편,그늘막(스마트형),3,5.4,2023-09-18, ,세종특별자치시 세종시 어진동 578 ,36.5007945,127.2652066,어진동
81,어진동-57,11동 옥외주차장,그늘막(스마트형),3,5.4,2023-09-18, ,세종특별자치시 세종시 어진동 576 ,36.501491,127.2630689,어진동
82,어진동-58,고용노동부(중앙노동위원회),그늘막(스마트형),3,5.4,2023-09-18,세종특별자치시 세종시 한누리대로 422   (어진동),세종특별자치시 세종시 어진동 581 ,36.5015513,127.2626317,어진동
83,어진동-59,세종청사 수소충전소,그늘막(스마트형),3,5.4,2023-09-18,세종특별자치시 세종시 다솜2로 61   (어진동),세종특별자치시 세종시 어진동 567 ,36.5019135,127.2628704,어진동
84,어진동-60,세종청사 주차2동 지하주차장,그늘막(스마트형),3,5.4,2023-09-18,세종특별자치시 세종시 도움6로 34   (어진동),세종특별자치시 세종시 어진동 563 ,36.5036427,127.2635865,어진동
85,어진동-61,"국토교통부, 환경부",그늘막(스마트형),3,5.4,2023-09-18,세종특별자치시 세종시 도움6로 11   (어진동),세종특별자치시 세종시 어진동 560 ,36.5040502,127.2638199,어진동
86,어진동-62,"농림축산식품부, 해양수산부",그늘막(스마트형),3,5.4,2023-09-18,세종특별자치시 세종시 다솜2로 94   (어진동),세종특별자치시 세종시 어진동 556 ,36.5039079,127.2642276,어진동
87,어진동-63,세종청사 주차1동 지하주차장,그늘막(스마트형),3,5.4,2023-09-18,세종특별자치시 세종시 갈매로 455   (어진동),세종특별자치시 세종시 어진동 558 ,36.5031856,127.2663814,어진동
88,어진동-64,세종경찰청 기동대,그늘막(스마트형),3,5.4,2023-09-18,세종특별자치시 세종시 도움6로 57   (어진동),세종특별자치시 세종시 어진동 627 ,36.5030951,127.2669393,어진동
89,어진동-65,정부청사 관리본부,그늘막(스마트형),3,5.4,2023-09-18,세종특별자치시 세종시 다솜2로 94   (어진동),세종특별자치시 세종시 어진동 556 ,36.5051,127.2675,어진동
90,어진동-66,세종타워B 앞,그늘막(스마트형),3,5.4,2024-07-10, ,세종특별자치시 세종시 어진동 756 ,36.4988324,127.2559641,어진동
91,어진동-67,한뜰마을4단지 앞,그늘막(스마트형),3,5.4,2024-07-10, ,세종특별자치시 세종시 어진동 756 ,36.498868,127.255586,어진동
92,어진동-68,나성4교 앞,그늘막(스마트형),4,5.5,2024-12-04,,세종특별자치시 어진동 748-1      ,,,어진동
93,해밀동-5, 해밀초등학교 사거리,그늘막(스마트형),3,4.6,2022-07-08,"세종특별자치시 세종시 해밀3로 32   (해밀동, 해밀마을1단지)",세종특별자치시 세종시 해밀동 338-1 ,36.5292597,127.2648392,해밀동
94,해밀동-6, 해밀초등학교 사거리,그늘막(스마트형),3,4.6,2022-07-08,"세종특별자치시 세종시 해밀3로 32   (해밀동, 해밀마을1단지)",세종특별자치시 세종시 해밀동 338-1 ,36.5292597,127.2648392,해밀동
95,해밀동-7, 해밀유치원 횡단보도,그늘막(스마트형),3,4.6,2022-07-08,"세종특별자치시 세종시 해밀3로 32   (해밀동, 해밀마을1단지)",세종특별자치시 세종시 해밀동 333 ,36.5292597,127.2648392,해밀동
96,해밀동-8,,그늘막(스마트형),3,4.6,2022-07-08,"세종특별자치시 세종시 해밀3로 32   (해밀동, 해밀마을1단지)",세종특별자치시 세종시 해밀동 333 ,36.5292597,127.2648392,해밀동
97,해밀동-9,해밀중학교 횡단보도,그늘막(스마트형),3,4.6,2022-07-08,"세종특별자치시 세종시 해밀3로 90   (해밀동, 해밀마을2단지)",세종특별자치시 세종시 해밀동 123 ,36.5292597,127.2648392,해밀동
98,해밀동-10,라포르테세종 후문 사거리,그늘막(스마트형),3,5.4,2022-11-25,세종특별자치시 세종시 갈매로 740   (해밀동),세종특별자치시 세종시 해밀동 산 24 ,36.526725,127.271836,해밀동
99,해밀동-11,라포르테세종 후문 사거리,그늘막(스마트형),3,5.4,2022-11-25, ,세종특별자치시 세종시 해밀동 115-1 ,36.526559,127.271338,해밀동
100,해밀동-12,해밀3교 앞 사거리,그늘막(스마트형),3,5.4,2022-11-25, ,세종특별자치시 세종시 해밀동 467 ,36.524154,127.268691,해밀동
101,해밀동-13,세종BMX경기장 맞은편,그늘막(스마트형),3,5.4,2022-11-25, ,세종특별자치시 세종시 해밀동 473 ,36.25352,127.267787,해밀동
102,해밀동-14,해밀2교 앞 삼거리,그늘막(스마트형),3,5.4,2022-11-25, ,세종특별자치시 세종시 해밀동 산 41-4 ,36.524542,127.264906,해밀동
103,해밀동-15,헤물유치원 사거리,그늘막(스마트형),3,5.4,2023-08-11, ,세종특별자치시 세종시 해밀동 468-1 ,36.5244,127.2691,해밀동
104,해밀동-19,BMX경기장 사거리,그늘막(스마트형),3,5.4,2024-07-10, ,세종특별자치시 세종시 해밀동 84-7 ,36.5239166,127.2691315,해밀동
105,해밀동-20,BMX경기장 사거리,그늘막(스마트형),3,5.4,2024-07-10, ,세종특별자치시 세종시 해밀동 90-1 ,36.5240042,127.2696698,해밀동
106,해밀동-21,라포르테세종 후문 사거리,그늘막(스마트형),3,5.4,2024-07-10,"세종특별자치시 세종시 해밀3로 90   (해밀동, 해밀마을2단지)",세종특별자치시 세종시 해밀동 115 ,36.5267818,127.2714597,해밀동
107,종촌동-14,종촌동공영주차장 인근,그늘막(스마트형),3,5,2021-04-21,세종특별자치시 세종시 달빛로 53   (종촌동),세종특별자치시 세종시 종촌동 664 ,36.5035415,127.2499288,종촌동
108,종촌동-15,1104동 앞,그늘막(스마트형),3,5,2021-04-21,"세종특별자치시 세종시 도움3로 75   (종촌동, 가재마을 11단지)",세종특별자치시 세종시 종촌동 654 ,36.503452,127.2503776,종촌동
109,종촌동-20,,그늘막(스마트형),3,5,2021-11-30,세종특별자치시 세종시 도움3로 125   (종촌동),세종특별자치시 세종시 종촌동 677 ,36.5046335,127.2469962,종촌동
110,종촌동-21,,그늘막(스마트형),3,5,2021-11-30, ,세종특별자치시 세종시 종촌동 690-2 ,36.501982,127.248176,종촌동
111,종촌동-22,,그늘막(스마트형),3,5,2021-11-30,세종특별자치시 세종시 도움1로 106   (종촌동),세종특별자치시 세종시 종촌동 672 ,36.5022709,127.248112,종촌동
112,종촌동-31,몰리브상가 앞 횡단보도,그늘막(스마트형),3,16,2022-08-16,세종특별자치시 세종시 도움1로 108   (종촌동),세종특별자치시 세종시 종촌동 673 ,36.5022335,127.2477893,종촌동
113,종촌동-32,가재마을 5단지 북문 앞 횡단보도,그늘막(스마트형),3,16,2022-08-16, ,세종특별자치시 세종시 종촌동 690-2 ,36.5019676,127.2474962,종촌동
114,종촌동-33,가재마을 206동 앞 횡단보도,그늘막(스마트형),3,16,2022-11-24, ,세종특별자치시 세종시 종촌동 683-2 ,36.5020148,127.2434225,종촌동
115,종촌동-34,가재마을 101동 관리사무소 앞 횡단보도,그늘막(스마트형),3,16,2022-11-24,"세종특별자치시 세종시 도움1로 145   (종촌동, 가재마을1단지)",세종특별자치시 세종시 종촌동 686 ,36.5017546,127.2435471,종촌동
116,고운-38,"가락마을 6, 7 단지 사이 산책로 입구",그늘막(스마트형),3,4.6,2022-07-15, ,세종특별자치시 세종시 고운동 1726 ,36.5036513,127.2407878,고운동
117,고운-42,가락초등학교 정문 앞,그늘막(스마트형),3,4.8,2023-05-26, ,세종특별자치시 세종시 고운동 2057 ,36.516,127.2303,고운동
118,고운-45,가락마을 804동 앞,그늘막(스마트형),3,4.8,2023-08-04, ,세종특별자치시 세종시 고운동 2058 ,36.5053,127.2411,고운동
119,고운-46,가락마을 2201동 앞 인도,그늘막(스마트형),3,4.8,2024-05-01, ,세종특별자치시 세종시 고운동 2058 ,36.52004,127.2397,고운동
120,고운-48,,그늘막(스마트형),3,4.8,2024-08-09, ,세종특별자치시 세종시 고운동 1383 ,36.520087,127.2378856,고운동
121,고운동-26,복합커뮤니티센터 두루초 사이,그늘막(스마트형),3,5,2020-08-12,세종특별자치시 세종시 마음로 284   (고운동),세종특별자치시 세종시 고운동 1382 ,36.5199724,127.2375057,고운동
122,고운동-35,남측 복컴 앞(골드플라자 맞은편),그늘막(스마트형),3,5,2021-05-06, ,세종특별자치시 세종시 고운동 2058 ,36.5047768,127.2346549,고운동
123,소담동-23,올리브 영 앞,그늘막(스마트형),3,5.4,2021-09-09,세종특별자치시 세종시 한누리대로 2022   (소담동),세종특별자치시 세종시 소담동 544 ,36.4847482,127.3001034,소담동
124,소담동-27,"새샘4단지 정문 앞, 글벗유치원 앞",그늘막(스마트형),3,5.4,2022-10-31, ,세종특별자치시 세종시 소담동 538 ,36.4864,127.2987,소담동
125,소담동-28,환승주차장 부지 건너편,그늘막(스마트형),3,5.4,2022-10-31, ,세종특별자치시 세종시 소담동 571 ,36.4855,127.3022,소담동
126,소담동-29,새샘마을6단지 중문 건너편,그늘막(스마트형),3,5.4,2023-06-19, ,세종특별자치시 세종시 소담동 567 ,36.484821,127.304729,소담동
127,소담동-30,싱싱장터(예정) 건너편,그늘막(스마트형),3,5.4,2023-06-19, ,세종특별자치시 세종시 소담동 563 ,36.4857,127.3027,소담동
128,소담동-31,새샘마을 6단지 아파트 609동 앞,그늘막(스마트형),3,5.4,2024-06-20, ,세종특별자치시 세종시 소담동 583 ,36.4854,127.3024,소담동
129,소담동-32,새샘마을 6단지 아파트 607동 코너,그늘막(스마트형),3,5.4,2024-06-20, ,세종특별자치시 세종시 소담동 583 ,36.4844,127.3042,소담동
130,소담동-33,801동 앞,그늘막(스마트형),3,5.4,2024-07-10,"세종특별자치시 세종시 소담8로 22   (소담동, 새샘마을8단지)",세종특별자치시 세종시 소담동 531 ,36.4873,127.2997,소담동
131,소담동-34,새샘마을 7단지 글벗초 건너,그늘막(스마트형),3,5.4,2024-07-10, ,세종특별자치시 세종시 소담동 606 ,36.4871,127.2995,소담동
132,소담동-35,새샘마을 7단지 상가,그늘막(스마트형),3,5.4,2024-07-10, ,세종특별자치시 세종시 소담동 607 ,36.4863,127.2988,소담동
133,소담동-36,새샘마을 512동 앞,그늘막(스마트형),3,5.4,2024-07-10, ,세종특별자치시 세종시 소담동 617 ,36.4819,127.3073,소담동
134,소담동-37,KDI 앞,그늘막(스마트형),3,5.4,2024-07-10, ,세종특별자치시 세종시 소담동 산 11 ,36.4819,127.3077,소담동
135,반곡동-8,,그늘막(스마트형),3,5.4,2021-05-17, ,세종특별자치시 세종시 반곡동 760 ,36.4954743,127.3063339,반곡동
136,반곡동-9,,그늘막(스마트형),3,5.4,2021-05-17, ,세종특별자치시 세종시 반곡동 760 ,36.4958023,127.3065571,반곡동
137,집현동-1,,그늘막(스마트형),3,5.4,2022-05-09, ,세종특별자치시 세종시 집현동 885-1 ,36.4976311,127.3221043,반곡동
138,집현동-2,,그늘막(스마트형),3,5.4,2022-05-09,세종특별자치시 세종시 시청대로 627   (집현동),세종특별자치시 세종시 집현동 885-1 ,36.4977857,127.322578,반곡동
139,집현동-3,,그늘막(스마트형),3,4.4,2022-05-09, ,세종특별자치시 세종시 집현동 370 ,36.5011224,127.3282718,반곡동
140,집현동-4,,그늘막(스마트형),3,4.4,2022-05-09, ,세종특별자치시 세종시 집현동 370 ,36.5014075,127.3284564,반곡동
141,집현동-5,,그늘막(스마트형),3,5.4,2023-05-09, ,세종특별자치시 세종시 집현동 365 ,36.5012,127.3289,반곡동
142,집현동-6,,그늘막(스마트형),3,5.4,2023-05-09, ,세종특별자치시 세종시 집현동 396 ,36.5011,127.3287,반곡동
143,반곡동-10,,그늘막(스마트형),3,5.4,2021-05-17, ,세종특별자치시 세종시 반곡동 710-2 ,36.4967102,127.3047404,반곡동
144,반곡동-11,,그늘막(스마트형),3,5.4,2021-05-17,세종특별자치시 세종시 시청대로 370   (반곡동),세종특별자치시 세종시 반곡동 736 ,36.4963399,127.3042793,반곡동
145,반곡동-24,장애인형체육센터 앞,그늘막(스마트형),3,5.4,2022-08-12,세종특별자치시 세종시 시청대로 591   (반곡동),세종특별자치시 세종시 반곡동 67-1 ,36.4942714,127.3191467,반곡동
146,반곡동-25,반곡동 인근 산재재심사위원회 건너편,그늘막(스마트형),3,5.4,2022-08-12, ,세종특별자치시 세종시 반곡동 771-66 ,36.4899983,127.3033745,반곡동
147,반곡동-26,,그늘막(스마트형),3,5.4,2023-05-10,"세종특별자치시 세종시 시청대로 546   (반곡동, 수루배마을8단지)",세종특별자치시 세종시 반곡동 858 ,36.4977,127.3175,반곡동
148,반곡동-27,,그늘막(스마트형),3,5.4,2023-05-10,"세종특별자치시 세종시 시청대로 547   (반곡동, )",세종특별자치시 세종시 반곡동 873 ,36.4977,127.3177,반곡동
149,반곡동-28,,그늘막(스마트형),3,5.4,2023-05-10, ,세종특별자치시 세종시 반곡동 63-20 ,36.4974,127.3177,반곡동
150,반곡동-29,,그늘막(스마트형),3,5.4,2024-06-18, ,세종특별자치시 세종시 반곡동 771-148 ,36.4903066,127.3035514,반곡동
151,집현동-11,,그늘막(스마트형),3,5.4,2024-06-18,"세종특별자치시 세종시 시청대로 643   (집현동, 새나루마을 10단지)",세종특별자치시 세종시 집현동 785-62 ,36.4931077,127.3240435,반곡동
152,집현동-12,,그늘막(스마트형),3,5.4,2024-06-18, ,세종특별자치시 세종시 집현동 785-560 ,36.4928317,127.3239684,반곡동
153,집현동-13,,그늘막(스마트형),3,5.4,2024-06-18, ,세종특별자치시 세종시 집현동 883-102 ,36.4889071,127.321313,반곡동
154,보람동-43,세종아이사랑어린이집 앞,그늘막(스마트형),3,5.4,2023-08-03, ,세종특별자치시 세종시 보람동 796 ,36.4755,127.2861,보람동
155,보람동-44,호려울1단지 상가 앞 횡단보도,그늘막(스마트형),3,5.4,2023-08-03, ,세종특별자치시 세종시 보람동 796 ,36.4754,127.2862,보람동
156,보람동-45,보람중학교 정문 앞 횡단보도,그늘막(스마트형),3,5.4,2024-05-03, ,세종특별자치시 세종시 보람동 771 ,36.4784908,127.2937032,보람동
157,보람동-48,호려울마을 2단지,그늘막(스마트형),3,5.4,2024-07-10, ,세종특별자치시 세종시 보람동 805 ,36.4754539,127.2844052,보람동
158,보람동-49,여울유치원 앞,그늘막(스마트형),3,5.4,2024-07-10, ,세종특별자치시 세종시 보람동 805 ,36.475467,127.2845922,보람동
159,보람동-50,은혜와진리교회 앞,그늘막(스마트형),3,5.4,2024-07-10, ,세종특별자치시 세종시 보람동 796 ,36.4784517,127.2931256,보람동
160,보람동-51,보람중학교 앞,그늘막(스마트형),3,5.4,2024-07-10, ,세종특별자치시 세종시 보람동 796 ,36.4782937,127.2932365,보람동
161,보람동-52,호려울마을 6단지 이마트24앞,그늘막(스마트형),3,5.4,2024-07-10, ,세종특별자치시 세종시 보람동 795 ,36.4780185,127.2952217,보람동
162,보람동-53,호려울마을 8단지 앞,그늘막(스마트형),3,5.4,2024-07-10, ,세종특별자치시 세종시 보람동 795 ,36.478135,127.2954956,보람동
163,보람동-54,금남초등학교 건너,그늘막(스마트형),3,5.4,2024-12-04,,세종특별자치시 보람동 700-146      ,,,보람동
164,대평-21,대평동복합커뮤니티센터 앞 횡단보도,그늘막(스마트형),3,5.4,2022-06-24,세종특별자치시 세종시 대평1길 10   (대평동),세종특별자치시 세종시 대평동 710 ,36.4705267,127.2787253,대평동
165,대평-22,대평초등학교 앞 횡단보도,그늘막(스마트형),3,5.4,2022-06-24, ,세종특별자치시 세종시 대평동 724 ,36.4703787,127.2788141,대평동
166,대평-23,대평로-행복대로 교차로 앞,그늘막(스마트형),3,5.4,2022-06-24, ,세종특별자치시 세종시 대평동 725 ,36.4700622,127.2816112,대평동
167,대평-24,대평로-행복대로 교차로 앞,그늘막(스마트형),3,5.4,2022-06-24, ,세종특별자치시 세종시 대평동 725 ,36.4701765,127.2820267,대평동
168,대평-25,대평로-행복대로 교차로 앞,그늘막(스마트형),3,5.4,2022-11-28, ,세종특별자치시 세종시 대평동 77-48 ,36.4697179,127.2820028,대평동
169,대평-26,대평로-행복대로 교차로 앞,그늘막(스마트형),3,5.4,2022-11-28, ,세종특별자치시 세종시 대평동 77-53 ,36.4698825,127.2823727,대평동
170,대평-27,대평삼거리  앞 횡단보도,그늘막(스마트형),3,5.4,2022-11-28, ,세종특별자치시 세종시 대평동 720 ,36.4693,127.2746,대평동
171,대평-28,해들마을 5단지 사거리,그늘막(스마트형),3,4.4,2023-06-21, ,세종특별자치시 세종시 대평동 648 ,36.4731,127.2781,대평동
172,대평-29,해들마을 5단지 사거리,그늘막(스마트형),3,4.4,2023-06-21, ,세종특별자치시 세종시 대평동 648 ,36.473,127.278,대평동
173,대평-30,새마을금고 앞,그늘막(스마트형),3,4.4,2023-06-21, ,세종특별자치시 세종시 대평동 648 ,36.4736036,127.2778262,대평동
174,대평-31,다이소 앞,그늘막(스마트형),3,4.4,2023-06-21, ,세종특별자치시 세종시 대평동 648 ,36.4732653,127.2774938,대평동
175,대평동-7,종합운동장 교차로,그늘막(스마트형),3,5.4,2020-04-28, ,세종특별자치시 세종시 대평동 643 ,36.4714952,127.274759,대평동
176,대평동-8,종합운동장 교차로,그늘막(스마트형),3,5.4,2020-04-28, ,세종특별자치시 세종시 대평동 643 ,36.471069,127.2748459,대평동
177,대평동-9,종합운동장 교차로,그늘막(스마트형),3,5.4,2020-04-28, ,세종특별자치시 세종시 대평동 643 ,36.4712705,127.2743412,대평동
178,대평동-10,종합운동장 교차로,그늘막(스마트형),3,5.4,2020-04-28, ,세종특별자치시 세종시 대평동 643 ,36.4708844,127.2745089,대평동
179,대평동-11,세종시외버스터미널 방면,그늘막(스마트형),3,5.4,2020-04-28, ,세종특별자치시 세종시 대평동 643 ,36.4689169,127.2747226,대평동
180,대평동-12,해들마을 2단지 방면,그늘막(스마트형),3,5.4,2020-04-28, ,세종특별자치시 세종시 대평동 643 ,36.4690442,127.2751188,대평동
181,다정동-23,다정중학교 앞,그늘막(스마트형),3,4,2022-06-14, ,세종특별자치시 세종시 다정동 332-3 ,36.4936333,127.2454668,다정동
182,다정동-24,다정초등학교 앞,그늘막(스마트형),3,4,2022-06-14, ,세종특별자치시 세종시 다정동 340 ,36.4934867,127.2449167,다정동
183,다정동-35,가온마을4단지 정문 좌측,그늘막(스마트형),3,5.4,2023-08-03,"세종특별자치시 세종시 다정중앙로 19   (다정동, 가온마을4단지)",세종특별자치시 세종시 다정동 964 ,36.4922,127.2494,다정동
184,다정동-36,가온마을7단지 정문 우측  미트킹 앞,그늘막(스마트형),3,5.4,2023-08-03,"세종특별자치시 세종시 다정중앙로 20   (다정동, 가온마을7단지)",세종특별자치시 세종시 다정동 965 ,36.4922,127.2495,다정동
185,다정동-37,912동 (상가 앞),그늘막(스마트형),3,5.4,2024-04-23,"세종특별자치시 세종시 다정북로 183   (다정동, 가온마을9단지)",세종특별자치시 세종시 다정동 920 ,36.4959,127.2507,다정동
186,다정동-38,901동(다원어린이집 앞),그늘막(스마트형),3,5.4,2024-04-23,"세종특별자치시 세종시 다정북로 183   (다정동, 가온마을9단지)",세종특별자치시 세종시 다정동 920 ,36.4959,127.2511,다정동
187,다정동-39,808동 앞,그늘막(스마트형),3,5.4,2024-04-23,"세종특별자치시 세종시 다정북로 180   (다정동, 가온마을8단지)",세종특별자치시 세종시 다정동 931 ,36.4957,127.2511,다정동
188,다정동-40,807동(달님뜰근린공원 앞 횡단보도),그늘막(스마트형),3,5.4,2024-04-23,"세종특별자치시 세종시 다정북로 180   (다정동, 가온마을8단지)",세종특별자치시 세종시 다정동 931 ,36.4956,127.2519,다정동
189,다정동-41,901동(품안뜰근린공원 앞 횡단보도),그늘막(스마트형),3,5.4,2024-04-23,"세종특별자치시 세종시 다정북로 183   (다정동, 가온마을9단지)",세종특별자치시 세종시 다정동 920 ,36.4958,127.252,다정동
190,다정동-46,가온마을3단지 315동 인근 횡단보도,그늘막(스마트형),3,5.4,2024-07-10, ,세종특별자치시 세종시 다정동 977 ,36.4992594,127.244795,다정동
191,다정동-47,가온마을6단지 607동 인근 황단보도,그늘막(스마트형),3,5.4,2024-07-10, ,세종특별자치시 세종시 다정동 977 ,36.4992508,127.245082,다정동
192,다정동-48,가온마을6단지 603동 인근 황단보도,그늘막(스마트형),3,5.4,2024-07-10, ,세종특별자치시 세종시 다정동 981 ,36.4989899,127.2489792,다정동
193,다정동-49,가온마을9단지 906동 인근 횡단보도,그늘막(스마트형),3,5.4,2024-07-10, ,세종특별자치시 세종시 다정동 981 ,36.4989726,127.2493654,다정동
194,다정동-50,가온마을4단지 403동 인근 횡단보도,그늘막(스마트형),3,5.4,2024-07-10, ,세종특별자치시 세종시 다정동 981 ,36.4935864,127.248888,다정동
195,다정동-53,가온마을6단지 610동 인근 횡단보도,그늘막(스마트형),3,5.4,2024-12-04,,세종특별자치시 다정동 977      ,,,다정동
196,다정동-54,가온마을3단지 323동 인근 횡단보도,그늘막(스마트형),3,5.4,2024-12-04,,세종특별자치시 다정동 977      ,,,다정동
