"시도명",시군구명,도로명,소재지도로명주소,소재지지번주소,횡단보도관리번호,횡단보도종류,자전거횡단도겸용여부,고원식적용여부,위도,경도,차로수,횡단보도폭,횡단보도연장,보행자신호등유무,보행자작동신호기유무,음향신호기설치여부,녹색신호시간,적색신호시간,교통섬유무,보도턱낮춤여부,점자블록유무,집중조명시설유무,관리기관명,관리기관전화번호,데이터기준일자
"경기도",구리시,아차산로,,경기도 구리시 아천동 291-9,31120-CW-00001,1,N,N,37.56379732,127.1153644,6,7.9,17.9,Y,N,N,23,97,N,Y,Y,Y,경기도 구리시청,031-557-1010,2023-12-13
"경기도",구리시,아치울길,,경기도 구리시 아천동 151-1,31120-CW-00002,1,N,N,37.57350171,127.1227105,3,4.9,17.5,Y,N,N,20,100,N,Y,N,Y,경기도 구리시청,031-557-1010,2023-12-13
"경기도",구리시,아차산로,,경기도 구리시 아천동 100-1,31120-CW-00003,4,N,N,37.57542478,127.1235843,1,4.9,7.6,N,N,N,0,0,Y,Y,Y,Y,경기도 구리시청,031-557-1010,2023-12-13
"경기도",구리시,동구릉로,,경기도 구리시 사노동 164-1,31120-CW-00004,1,N,N,37.62704229,127.1402814,7,6.2,24.7,Y,N,Y,27,155,N,Y,Y,Y,경기도 구리시청,031-557-1010,2023-12-13
"경기도",구리시,아차산로,,경기도 구리시 아천동 70,31120-CW-00005,4,N,N,37.57587299,127.1249034,1,5,7,N,N,N,0,0,Y,Y,Y,N,경기도 구리시청,031-557-1010,2023-12-13
"경기도",구리시,동구릉로,,경기도 구리시 사노동 산 175-120,31120-CW-00006,1,N,N,37.62857421,127.1404666,1,3,11.5,N,N,N,0,0,N,Y,Y,N,경기도 구리시청,031-557-1010,2023-12-13
"경기도",구리시,아차산로,,경기도 구리시 아천동 79-6,31120-CW-00007,4,N,N,37.57856901,127.1272013,7,7.9,27.9,Y,N,N,33,87,Y,Y,Y,Y,경기도 구리시청,031-557-1010,2023-12-13
"경기도",구리시,아차산로,,경기도 구리시 교문동 672-6,31120-CW-00008,1,Y,N,37.5812808,127.1289432,7,6.5,24.3,Y,N,N,28,92,N,Y,Y,Y,경기도 구리시청,031-557-1010,2023-12-13
"경기도",구리시,동구릉로,,경기도 구리시 사노동 164-4,31120-CW-00009,1,N,N,37.62663711,127.1400091,1,3.2,9,N,N,N,0,0,N,Y,Y,N,경기도 구리시청,031-557-1010,2023-12-13
"경기도",구리시,한다리길,,경기도 구리시 교문동 667-1,31120-CW-00010,4,N,N,37.58178183,127.1281546,3,6.5,13.1,Y,N,N,21,99,Y,Y,Y,Y,경기도 구리시청,031-557-1010,2023-12-13
"경기도",구리시,한다리길,,경기도 구리시 교문동 667-1,31120-CW-00011,1,N,N,37.58178183,127.1281546,1,3,9,N,N,N,0,0,N,Y,Y,N,경기도 구리시청,031-557-1010,2023-12-13
"경기도",구리시,한다리길,,경기도 구리시 교문동 산 130-3,31120-CW-00012,1,N,N,37.58360702,127.1293666,3,4,12.1,N,N,N,0,0,N,Y,Y,N,경기도 구리시청,031-557-1010,2023-12-13
"경기도",구리시,동구릉로,,경기도 구리시 사노동 산 175-117,31120-CW-00013,1,N,N,37.6252008,127.1397625,1,3.2,7.5,N,N,N,0,0,N,Y,Y,N,경기도 구리시청,031-557-1010,2023-12-13
"경기도",구리시,아차산로,,경기도 구리시 교문동 462-1,31120-CW-00014,4,N,N,37.58664668,127.1301842,8,5.1,29.8,Y,N,Y,24,156,Y,Y,Y,Y,경기도 구리시청,031-557-1010,2023-12-13
"경기도",구리시,동구릉로,,경기도 구리시 사노동 164-4,31120-CW-00015,1,N,N,37.62663711,127.140019,1,3.1,5,N,N,N,0,0,N,Y,Y,N,경기도 구리시청,031-557-1010,2023-12-13
"경기도",구리시,아차산로,,경기도 구리시 교문동 462-1,31120-CW-00016,1,N,N,37.58664668,127.1301842,8,6,29,Y,N,Y,108,92,N,Y,Y,Y,경기도 구리시청,031-557-1010,2023-12-13
"경기도",구리시,장자대로,,경기도 구리시 교문동 469-26,31120-CW-00017,4,N,N,37.5873762,127.130489,1,6,7.3,N,N,N,0,0,Y,Y,Y,N,경기도 구리시청,031-557-1010,2023-12-13
"경기도",구리시,장자대로,,경기도 구리시 교문동 814,31120-CW-00018,4,N,N,37.58768883,127.1332971,5,6.4,17.3,Y,N,Y,24,156,Y,Y,Y,Y,경기도 구리시청,031-557-1010,2023-12-13
"경기도",구리시,장자대로13번길,,경기도 구리시 교문동 814,31120-CW-00019,1,N,Y,37.58768883,127.1332971,2,2.9,10,Y,N,N,18,132,N,Y,Y,N,경기도 구리시청,031-557-1010,2023-12-13
"경기도",구리시,장자대로,,경기도 구리시 교문동 820-2,31120-CW-00020,1,N,N,37.58749555,127.1329168,7,7.9,24.1,Y,N,Y,29,120,N,Y,Y,Y,경기도 구리시청,031-557-1010,2023-12-13
"경기도",구리시,장자대로37번길,,경기도 구리시 교문동 814,31120-CW-00021,1,N,N,37.58768883,127.1332971,3,5,10.2,Y,N,Y,18,129,N,Y,Y,Y,경기도 구리시청,031-557-1010,2023-12-13
"경기도",구리시,장자대로,,경기도 구리시 교문동 820-2,31120-CW-00022,1,N,N,37.58749555,127.1329168,7,8.3,24.1,Y,N,Y,30,120,N,Y,Y,Y,경기도 구리시청,031-557-1010,2023-12-13
"경기도",구리시,장자대로,,경기도 구리시 교문동 820-2,31120-CW-00023,1,N,N,37.58749555,127.1329168,4,6,14.1,Y,N,Y,19,130,N,Y,Y,Y,경기도 구리시청,031-557-1010,2023-12-13
"경기도",구리시,장자대로,,경기도 구리시 교문동 823-1,31120-CW-00024,1,N,Y,37.58656358,127.1346378,2,4,8.1,Y,N,Y,14,46,N,Y,N,Y,경기도 구리시청,031-557-1010,2023-12-13
"경기도",구리시,장자대로,,경기도 구리시 교문동 823,31120-CW-00025,1,N,N,37.58583837,127.1351764,1,3,18.6,N,N,N,0,0,N,Y,N,N,경기도 구리시청,031-557-1010,2023-12-13
"경기도",구리시,장자대로,,경기도 구리시 교문동 823-1,31120-CW-00026,1,N,N,37.58656358,127.134647,2,6,8.1,N,N,N,0,0,N,Y,Y,N,경기도 구리시청,031-557-1010,2023-12-13
"경기도",구리시,장자호수길,,경기도 구리시 교문동 826-2,31120-CW-00027,1,N,N,37.58501702,127.1363885,2,6.2,8,N,N,N,0,0,N,Y,Y,N,경기도 구리시청,031-557-1010,2023-12-13
"경기도",구리시,장자호수길,,경기도 구리시 수택동 877-2,31120-CW-00028,1,N,N,37.5845557,127.1398484,2,6,8.2,N,N,N,0,0,N,Y,Y,N,경기도 구리시청,031-557-1010,2023-12-13
"경기도",구리시,체육관로,,경기도 구리시 교문동 826-1,31120-CW-00029,1,N,N,37.58571995,127.137883,4,6,15.5,N,N,N,0,0,N,Y,Y,N,경기도 구리시청,031-557-1010,2023-12-13
"경기도",구리시,장자호수길,,경기도 구리시 토평동 955-5,31120-CW-00030,1,N,Y,37.58563078,127.1439588,2,5.5,9.7,N,N,N,0,0,N,Y,Y,N,경기도 구리시청,031-557-1010,2023-12-13
"경기도",구리시,장자호수길,,경기도 구리시 토평동 955-5,31120-CW-00031,1,N,Y,37.58563078,127.1439588,2,5.5,9.1,N,N,N,0,0,N,Y,Y,N,경기도 구리시청,031-557-1010,2023-12-13
"경기도",구리시,장자호수길,,경기도 구리시 토평동 955-5,31120-CW-00032,1,N,N,37.5856815,127.1439588,2,4,8,N,N,N,0,0,N,Y,N,N,경기도 구리시청,031-557-1010,2023-12-13
"경기도",구리시,장자호수길,,경기도 구리시 토평동 955-5,31120-CW-00033,1,N,N,37.58563078,127.1439588,3,4,10.9,N,N,N,0,0,N,Y,N,N,경기도 구리시청,031-557-1010,2023-12-13
"경기도",구리시,장자호수길,,경기도 구리시 토평동 955-4,31120-CW-00034,1,N,N,37.5869683,127.1445086,3,6,11.5,Y,N,Y,16,144,N,Y,Y,N,경기도 구리시청,031-557-1010,2023-12-13
"경기도",구리시,장자대로,,경기도 구리시 토평동 955-4,31120-CW-00035,1,N,N,37.5869683,127.1445086,7,8,24.1,Y,N,Y,30,120,N,Y,Y,Y,경기도 구리시청,031-557-1010,2023-12-13
"경기도",구리시,장자대로,,경기도 구리시 토평동 623-14,31120-CW-00036,4,N,N,37.5864484,127.1477932,5,8.1,16.8,Y,N,Y,34,116,Y,Y,Y,Y,경기도 구리시청,031-557-1010,2023-12-13
"경기도",구리시,장자대로,,경기도 구리시 토평동 275-8,31120-CW-00037,4,N,N,37.58718851,127.1482391,1,5,7.1,Y,N,Y,24,48,Y,Y,Y,Y,경기도 구리시청,031-557-1010,2023-12-13
"경기도",구리시,장자대로,,경기도 구리시 토평동 613-9,31120-CW-00038,1,N,N,37.58573932,127.1476743,1,2.5,10.1,N,N,N,0,0,N,Y,Y,N,경기도 구리시청,031-557-1010,2023-12-13
"경기도",구리시,벌말로,,경기도 구리시 토평동 613-9,31120-CW-00039,4,N,N,37.58573932,127.1476743,1,6.1,7.2,Y,N,Y,34,116,Y,Y,Y,Y,경기도 구리시청,031-557-1010,2023-12-13
"경기도",구리시,장자대로,,경기도 구리시 토평동 961-2,31120-CW-00040,1,N,N,37.5872211,127.1427423,6,6,26.1,Y,N,Y,30,120,N,Y,Y,Y,경기도 구리시청,031-557-1010,2023-12-13
"경기도",구리시,장자대로,,경기도 구리시 토평동 961-2,31120-CW-00041,1,N,N,37.5872462,127.1427423,7,8.3,24,Y,N,Y,30,120,N,Y,Y,Y,경기도 구리시청,031-557-1010,2023-12-13
"경기도",구리시,장자대로,,경기도 구리시 토평동 961-2,31120-CW-00042,1,N,N,37.58720115,127.1427423,7,8.4,26.5,Y,N,Y,30,120,N,Y,Y,Y,경기도 구리시청,031-557-1010,2023-12-13
"경기도",구리시,장자대로,,경기도 구리시 수택동 870,31120-CW-00043,1,N,N,37.5877147,127.1395737,7,8,23.5,Y,N,Y,30,120,N,Y,Y,Y,경기도 구리시청,031-557-1010,2023-12-13
"경기도",구리시,장자대로86번길,,경기도 구리시 수택동 878-1,31120-CW-00044,1,N,N,37.5873837,127.1408379,2,6.1,7.9,N,N,N,0,0,N,Y,Y,N,경기도 구리시청,031-557-1010,2023-12-13
"경기도",구리시,장자대로86번길,,경기도 구리시 수택동 878-3,31120-CW-00045,1,N,N,37.5869095,127.1400231,2,3.4,6.5,N,N,N,0,0,N,Y,Y,N,경기도 구리시청,031-557-1010,2023-12-13
"경기도",구리시,장자대로86번길,,경기도 구리시 수택동 878-3,31120-CW-00046,1,N,N,37.5869738,127.1400259,1,5,9,N,N,N,0,0,N,Y,Y,N,경기도 구리시청,031-557-1010,2023-12-13
"경기도",구리시,장자대로86번길,,경기도 구리시 수택동 878-3,31120-CW-00047,1,N,N,37.58697585,127.1400259,1,4.2,10.7,N,N,N,0,0,N,Y,Y,N,경기도 구리시청,031-557-1010,2023-12-13
"경기도",구리시,장자대로86번길,,경기도 구리시 수택동 878-1,31120-CW-00048,1,N,N,37.58739466,127.1408379,1,3.3,7,N,N,N,0,0,N,Y,N,N,경기도 구리시청,031-557-1010,2023-12-13
"경기도",구리시,체육관로,,경기도 구리시 수택동 877-4,31120-CW-00049,1,N,N,37.58553192,127.1379561,4,6.5,14.5,Y,N,Y,26,49,N,Y,Y,Y,경기도 구리시청,031-557-1010,2023-12-13
"경기도",구리시,체육관로,,경기도 구리시 교문동 826-1,31120-CW-00050,1,N,N,37.58571995,127.1378529,2,2.3,10.1,N,N,N,0,0,N,Y,Y,N,경기도 구리시청,031-557-1010,2023-12-13
"경기도",구리시,장자대로,,경기도 구리시 교문동 825-7,31120-CW-00051,1,N,N,37.58755589,127.1378053,4,4,29.5,Y,N,N,33,117,N,N,N,Y,경기도 구리시청,031-557-1010,2023-12-13
"경기도",구리시,체육관로,,경기도 구리시 수택동 857,31120-CW-00052,1,N,N,37.59043613,127.1379628,4,6.2,13.6,Y,N,N,19,55,N,Y,Y,Y,경기도 구리시청,031-557-1010,2023-12-13
"경기도",구리시,체육관로,,경기도 구리시 수택동 857,31120-CW-00053,1,N,N,37.59043613,127.1379586,4,4,13.8,Y,N,Y,19,55,N,Y,Y,Y,경기도 구리시청,031-557-1010,2023-12-13
"경기도",구리시,체육관로,,경기도 구리시 수택동 854,31120-CW-00054,1,N,N,37.59090458,127.1381172,1,3,9.6,N,N,N,0,0,N,Y,Y,N,경기도 구리시청,031-557-1010,2023-12-13
"경기도",구리시,체육관로,,경기도 구리시 수택동 857,31120-CW-00055,1,N,N,37.59043613,127.1379425,4,6,13.7,Y,N,Y,33,42,N,Y,Y,Y,경기도 구리시청,031-557-1010,2023-12-13
"경기도",구리시,체육관로,,경기도 구리시 교문동 813,31120-CW-00056,1,N,N,37.59108114,127.1378464,1,2.6,7.7,N,N,N,0,0,N,Y,Y,N,경기도 구리시청,031-557-1010,2023-12-13
"경기도",구리시,체육관로,,경기도 구리시 수택동 857,31120-CW-00057,1,N,N,37.59043613,127.1379347,4,7.9,13.6,Y,N,Y,21,54,N,Y,Y,Y,경기도 구리시청,031-557-1010,2023-12-13
"경기도",구리시,체육관로74번길,,경기도 구리시 수택동 858,31120-CW-00058,1,N,N,37.59148119,127.142442,3,6,12.1,Y,N,Y,21,54,N,Y,Y,Y,경기도 구리시청,031-557-1010,2023-12-13
"경기도",구리시,체육관로74번길,,경기도 구리시 수택동 858,31120-CW-00059,1,N,Y,37.59148119,127.142442,2,5,9.8,N,N,N,0,0,N,Y,Y,N,경기도 구리시청,031-557-1010,2023-12-13
"경기도",구리시,체육관로74번길,,경기도 구리시 수택동 860,31120-CW-00060,1,N,N,37.59174346,127.1392374,2,4,7.3,N,N,N,0,0,N,Y,Y,N,경기도 구리시청,031-557-1010,2023-12-13
"경기도",구리시,체육관로74번길,,경기도 구리시 수택동 858,31120-CW-00061,1,N,Y,37.59148119,127.142442,2,3.3,10.1,N,N,N,0,0,N,Y,Y,N,경기도 구리시청,031-557-1010,2023-12-13
"경기도",구리시,체육관로74번길,,경기도 구리시 수택동 861,31120-CW-00062,1,N,N,37.59155892,127.1407919,1,4,10.5,N,N,N,0,0,N,Y,Y,N,경기도 구리시청,031-557-1010,2023-12-13
"경기도",구리시,체육관로74번길,,경기도 구리시 수택동 858,31120-CW-00063,1,N,Y,37.59148119,127.142442,2,3,10.1,N,N,N,0,0,N,Y,Y,N,경기도 구리시청,031-557-1010,2023-12-13
"경기도",구리시,체육관로74번길,,경기도 구리시 수택동 863,31120-CW-00064,1,N,N,37.59152122,127.1413561,1,3.9,10.8,N,N,N,0,0,N,Y,Y,N,경기도 구리시청,031-557-1010,2023-12-13
"경기도",구리시,체육관로74번길,,경기도 구리시 수택동 858,31120-CW-00065,1,N,N,37.59148119,127.142442,2,6.1,9.9,N,N,N,0,0,N,Y,Y,N,경기도 구리시청,031-557-1010,2023-12-13
"경기도",구리시,체육관로74번길,,경기도 구리시 수택동 858,31120-CW-00066,1,N,Y,37.59148119,127.142442,2,2,10,N,N,N,0,0,N,Y,Y,N,경기도 구리시청,031-557-1010,2023-12-13
"경기도",구리시,체육관로74번길,,경기도 구리시 수택동 858,31120-CW-00067,1,N,Y,37.59148119,127.1424678,2,2.7,10,Y,N,N,20,100,N,Y,Y,Y,경기도 구리시청,031-557-1010,2023-12-13
"경기도",구리시,체육관로74번길,,경기도 구리시 수택동 858,31120-CW-00068,1,N,Y,37.59148119,127.1424587,2,3,9.9,N,N,N,0,0,N,Y,Y,N,경기도 구리시청,031-557-1010,2023-12-13
"경기도",구리시,체육관로74번길,,경기도 구리시 수택동 864,31120-CW-00069,1,N,Y,37.59057731,127.1429359,2,3.1,8.4,N,N,N,0,0,N,Y,Y,N,경기도 구리시청,031-557-1010,2023-12-13
"경기도",구리시,체육관로74번길,,경기도 구리시 수택동 864,31120-CW-00070,1,N,N,37.59057731,127.1429359,2,5,8.2,N,N,N,0,0,N,Y,Y,N,경기도 구리시청,031-557-1010,2023-12-13
"경기도",구리시,장자대로,,경기도 구리시 수택동 865,31120-CW-00071,1,N,Y,37.5895076,127.142516,2,4,9.8,Y,N,N,18,42,N,Y,Y,Y,경기도 구리시청,031-557-1010,2023-12-13
"경기도",구리시,장자대로,,경기도 구리시 수택동 865,31120-CW-00072,1,N,Y,37.5895076,127.142516,2,5.9,8,Y,N,Y,18,42,N,Y,Y,Y,경기도 구리시청,031-557-1010,2023-12-13
"경기도",구리시,장자대로,,경기도 구리시 수택동 865,31120-CW-00073,1,N,N,37.5895076,127.142516,1,1.9,11.5,N,N,N,0,0,N,Y,Y,N,경기도 구리시청,031-557-1010,2023-12-13
"경기도",구리시,장자대로,,경기도 구리시 수택동 865,31120-CW-00074,1,N,Y,37.5895076,127.1425062,2,7.4,8,Y,N,Y,19,41,N,Y,Y,Y,경기도 구리시청,031-557-1010,2023-12-13
"경기도",구리시,장자대로,,경기도 구리시 수택동 870,31120-CW-00075,1,N,N,37.5877103,127.1395737,2,6.1,15.7,Y,N,N,30,120,N,Y,Y,Y,경기도 구리시청,031-557-1010,2023-12-13
"경기도",구리시,장자대로111번길,,경기도 구리시 토평동 961-2,31120-CW-00076,1,N,N,37.58720115,127.1427423,2,6.3,13.4,Y,N,Y,30,120,N,Y,Y,Y,경기도 구리시청,031-557-1010,2023-12-13
"경기도",구리시,장자대로111번길,,경기도 구리시 토평동 959-1,31120-CW-00077,1,N,N,37.58907315,127.1444864,2,4.1,9.5,N,N,N,0,0,N,Y,Y,N,경기도 구리시청,031-557-1010,2023-12-13
"경기도",구리시,장자대로37번길,경기도 구리시 장자대로37번길 20,경기도 구리시 교문동 809-3,31120-CW-00078,1,N,N,37.58854171,127.1350189,1,3,6.4,N,N,N,0,0,N,Y,N,N,경기도 구리시청,031-557-1010,2023-12-13
"경기도",구리시,장자대로37번길,,경기도 구리시 교문동 812,31120-CW-00079,1,N,N,37.59032426,127.1345217,2,6.1,10,Y,N,Y,14,46,N,Y,Y,Y,경기도 구리시청,031-557-1010,2023-12-13
"경기도",구리시,장자대로37번길,,경기도 구리시 교문동 812,31120-CW-00080,1,N,N,37.5903745,127.1345217,2,6.2,10.2,Y,N,Y,14,46,N,Y,Y,Y,경기도 구리시청,031-557-1010,2023-12-13
"경기도",구리시,장자대로37번길,,경기도 구리시 교문동 812,31120-CW-00081,1,N,N,37.59032426,127.1345217,2,6,10,N,N,N,0,0,N,Y,Y,N,경기도 구리시청,031-557-1010,2023-12-13
"경기도",구리시,장자대로37번길,,경기도 구리시 교문동 812,31120-CW-00082,1,N,N,37.59032426,127.1345933,3,6,10,Y,N,Y,14,106,N,Y,Y,Y,경기도 구리시청,031-557-1010,2023-12-13
"경기도",구리시,이문안로,,경기도 구리시 교문동 788,31120-CW-00083,1,N,N,37.59240524,127.1374506,4,6.4,15,Y,N,Y,25,155,N,Y,Y,Y,경기도 구리시청,031-557-1010,2023-12-13
"경기도",구리시,이문안로5번길,,경기도 구리시 교문동 788,31120-CW-00084,1,N,N,37.59240524,127.1374506,1,3.5,5.6,N,N,N,0,0,N,Y,Y,N,경기도 구리시청,031-557-1010,2023-12-13
"경기도",구리시,장자대로1번길,,경기도 구리시 교문동 788,31120-CW-00085,1,N,N,37.59240524,127.1374506,1,4,8.3,N,N,N,0,0,N,Y,Y,N,경기도 구리시청,031-557-1010,2023-12-13
"경기도",구리시,이문안로,,경기도 구리시 교문동 788,31120-CW-00086,1,N,N,37.59240524,127.1374506,4,6.3,14.1,Y,N,Y,18,42,N,Y,Y,Y,경기도 구리시청,031-557-1010,2023-12-13
"경기도",구리시,이문안로15번길,,경기도 구리시 교문동 786,31120-CW-00087,1,N,N,37.5928535,127.1330188,1,4.2,7.8,N,N,N,0,0,N,Y,Y,N,경기도 구리시청,031-557-1010,2023-12-13
"경기도",구리시,이문안로,,경기도 구리시 교문동 788,31120-CW-00088,1,N,N,37.59240524,127.1374506,4,8.2,14.3,Y,N,Y,18,102,N,Y,Y,Y,경기도 구리시청,031-557-1010,2023-12-13
"경기도",구리시,이문안로,,경기도 구리시 교문동 788,31120-CW-00089,1,N,N,37.59240524,127.1374506,4,8.2,14.4,Y,N,Y,17,103,N,Y,Y,Y,경기도 구리시청,031-557-1010,2023-12-13
"경기도",구리시,이문안로,,경기도 구리시 교문동 781,31120-CW-00090,1,N,N,37.59464333,127.1365737,2,6,6.9,Y,N,Y,14,106,N,Y,Y,Y,경기도 구리시청,031-557-1010,2023-12-13
"경기도",구리시,이문안로,,경기도 구리시 교문동 788,31120-CW-00091,1,N,N,37.59240524,127.1374506,4,8.2,14,Y,N,Y,19,130,N,Y,Y,Y,경기도 구리시청,031-557-1010,2023-12-13
"경기도",구리시,이문안로,,경기도 구리시 교문동 788,31120-CW-00092,1,N,N,37.59240524,127.1374506,4,8.1,14.3,Y,N,Y,20,130,N,Y,Y,Y,경기도 구리시청,031-557-1010,2023-12-13
"경기도",구리시,이문안로,,경기도 구리시 수택동 860,31120-CW-00093,1,N,N,37.59174346,127.1392008,2,3.8,7,N,N,N,0,0,N,Y,Y,N,경기도 구리시청,031-557-1010,2023-12-13
"경기도",구리시,이문안로,,경기도 구리시 수택동 862,31120-CW-00094,1,N,N,37.59188277,127.1425975,4,8,13.6,Y,N,Y,17,58,N,Y,Y,Y,경기도 구리시청,031-557-1010,2023-12-13
"경기도",구리시,이문안로,,경기도 구리시 수택동 862,31120-CW-00095,1,N,N,37.59188277,127.1425975,4,8.1,13.7,Y,N,Y,17,58,N,Y,Y,Y,경기도 구리시청,031-557-1010,2023-12-13
"경기도",구리시,이문안로,,경기도 구리시 수택동 862,31120-CW-00096,1,N,N,37.59188277,127.1425975,4,3.8,13.6,Y,N,Y,17,58,N,Y,Y,Y,경기도 구리시청,031-557-1010,2023-12-13
"경기도",구리시,이문안로,,경기도 구리시 수택동 862,31120-CW-00097,1,N,N,37.59188277,127.1425975,1,3,11.3,N,N,N,0,0,N,Y,Y,N,경기도 구리시청,031-557-1010,2023-12-13
"경기도",구리시,이문안로,,경기도 구리시 수택동 862,31120-CW-00098,1,N,N,37.5918398,127.1425975,4,8,13.7,Y,N,Y,20,100,N,Y,Y,Y,경기도 구리시청,031-557-1010,2023-12-13
"경기도",구리시,이문안로,,경기도 구리시 수택동 862,31120-CW-00099,1,N,N,37.59188277,127.1425975,4,8,13.7,Y,N,Y,20,100,N,Y,Y,Y,경기도 구리시청,031-557-1010,2023-12-13
"경기도",구리시,이문안로,,경기도 구리시 수택동 862,31120-CW-00100,1,N,N,37.59188277,127.1425975,4,6.1,13.8,Y,N,Y,18,57,N,Y,Y,Y,경기도 구리시청,031-557-1010,2023-12-13
"경기도",구리시,이문안로,,경기도 구리시 수택동 862,31120-CW-00101,1,N,N,37.59188277,127.1425975,4,3.9,13.6,Y,N,N,18,57,N,Y,Y,Y,경기도 구리시청,031-557-1010,2023-12-13
"경기도",구리시,장자대로,,경기도 구리시 수택동 865,31120-CW-00102,4,N,N,37.5895076,127.142516,1,2.7,4.6,N,N,N,0,0,Y,Y,Y,N,경기도 구리시청,031-557-1010,2023-12-13
"경기도",구리시,이문안로,,경기도 구리시 수택동 865,31120-CW-00103,4,N,N,37.5895076,127.142516,2,3.3,8,Y,N,N,18,56,Y,Y,Y,N,경기도 구리시청,031-557-1010,2023-12-13
"경기도",구리시,이문안로,,경기도 구리시 수택동 697-25,31120-CW-00104,1,N,N,37.5912688,127.1458627,4,7.4,13.8,Y,N,Y,19,56,N,Y,Y,Y,경기도 구리시청,031-557-1010,2023-12-13
"경기도",구리시,이문안로,,경기도 구리시 수택동 697-25,31120-CW-00105,1,N,N,37.59127782,127.145833,1,2.5,7.8,N,N,N,0,0,N,Y,Y,N,경기도 구리시청,031-557-1010,2023-12-13
"경기도",구리시,이문안로136번길,,경기도 구리시 수택동 684-13,31120-CW-00106,1,N,N,37.591098,127.1467058,1,4.2,20.8,N,N,N,0,0,N,Y,Y,N,경기도 구리시청,031-557-1010,2023-12-13
"경기도",구리시,이문안로,,경기도 구리시 수택동 684-10,31120-CW-00107,1,N,N,37.59142116,127.1470671,4,6.1,13.8,Y,N,N,20,55,N,Y,Y,Y,경기도 구리시청,031-557-1010,2023-12-13
"경기도",구리시,이문안로147번길,,경기도 구리시 수택동 265-6,31120-CW-00108,1,N,N,37.59098109,127.1477833,1,2.5,5.9,N,N,N,0,0,N,Y,Y,N,경기도 구리시청,031-557-1010,2023-12-13
"경기도",구리시,이문안로152번길,,경기도 구리시 토평동 260-1,31120-CW-00109,1,N,N,37.59068896,127.1491772,2,4.2,21.4,Y,N,Y,25,50,N,Y,Y,Y,경기도 구리시청,031-557-1010,2023-12-13
"경기도",구리시,이문안로,,경기도 구리시 토평동 260-1,31120-CW-00110,1,N,N,37.59068896,127.1491772,4,7.9,14,Y,N,Y,25,125,N,Y,Y,Y,경기도 구리시청,031-557-1010,2023-12-13
"경기도",구리시,벌말로,,경기도 구리시 토평동 994-1,31120-CW-00111,1,N,N,37.59094397,127.1503183,2,3.6,11.7,Y,N,Y,25,125,N,Y,Y,Y,경기도 구리시청,031-557-1010,2023-12-13
"경기도",구리시,벌말로,,경기도 구리시 토평동 259-2,31120-CW-00112,1,N,N,37.59064634,127.1494765,6,5.9,20.2,Y,N,Y,21,129,N,Y,Y,Y,경기도 구리시청,031-557-1010,2023-12-13
"경기도",구리시,벌말로,,경기도 구리시 토평동 259-2,31120-CW-00113,1,N,N,37.59064634,127.1494476,5,6.2,17.8,Y,N,Y,25,125,N,Y,Y,Y,경기도 구리시청,031-557-1010,2023-12-13
"경기도",구리시,벌말로,,경기도 구리시 토평동 994-1,31120-CW-00114,1,N,N,37.59094397,127.1503183,2,6.3,10.5,N,N,N,0,0,N,Y,Y,N,경기도 구리시청,031-557-1010,2023-12-13
"경기도",구리시,벌말로,,경기도 구리시 토평동 209-8,31120-CW-00115,1,N,N,37.59126377,127.1496599,5,6,19.9,Y,N,Y,30,120,N,Y,Y,Y,경기도 구리시청,031-557-1010,2023-12-13
"경기도",구리시,벌말로,,경기도 구리시 토평동 194-1,31120-CW-00116,1,N,N,37.59310374,127.1503228,5,6.1,19.1,Y,N,Y,27,123,N,Y,Y,Y,경기도 구리시청,031-557-1010,2023-12-13
"경기도",구리시,벌말로,,경기도 구리시 토평동 194-1,31120-CW-00117,1,N,N,37.59310374,127.1503401,6,6.1,21.2,Y,N,Y,25,123,N,Y,Y,Y,경기도 구리시청,031-557-1010,2023-12-13
"경기도",구리시,벌말로,,경기도 구리시 토평동 188-4,31120-CW-00118,1,N,N,37.59467645,127.1509374,5,6,16.7,Y,N,Y,26,122,N,Y,Y,Y,경기도 구리시청,031-557-1010,2023-12-13
"경기도",구리시,벌말로,,경기도 구리시 수택동 879-2,31120-CW-00119,1,N,N,37.59561216,127.1513879,4,6,17,Y,N,Y,20,130,N,Y,Y,Y,경기도 구리시청,031-557-1010,2023-12-13
"경기도",구리시,벌말로,,경기도 구리시 수택동 318-1,31120-CW-00120,1,N,N,37.59657281,127.1520336,3,5,26,Y,N,Y,30,120,N,Y,Y,Y,경기도 구리시청,031-557-1010,2023-12-13
"경기도",구리시,벌말로,,경기도 구리시 수택동 882-7,31120-CW-00121,1,N,N,37.59486144,127.1554549,2,6,7.6,N,N,N,0,0,N,Y,Y,N,경기도 구리시청,031-557-1010,2023-12-13
"경기도",구리시,벌말로,,경기도 구리시 수택동 882-7,31120-CW-00122,1,N,N,37.59486144,127.1554549,2,5.9,7.6,N,N,N,0,0,N,Y,Y,N,경기도 구리시청,031-557-1010,2023-12-13
"경기도",구리시,검배로,,경기도 구리시 수택동 882-6,31120-CW-00123,1,N,N,37.59444136,127.1548195,1,2.6,13.4,N,N,N,0,0,N,Y,Y,Y,경기도 구리시청,031-557-1010,2023-12-13
"경기도",구리시,검배로,,경기도 구리시 수택동 881-3,31120-CW-00124,1,N,N,37.5938477,127.1536255,2,6,12.2,Y,N,Y,17,132,N,Y,Y,Y,경기도 구리시청,031-557-1010,2023-12-13
"경기도",구리시,검배로,,경기도 구리시 수택동 881-3,31120-CW-00125,1,N,N,37.5938477,127.1536255,4,8.5,17.2,Y,N,Y,20,128,N,Y,Y,Y,경기도 구리시청,031-557-1010,2023-12-13
"경기도",구리시,검배로,,경기도 구리시 수택동 881-3,31120-CW-00126,1,N,N,37.5938477,127.1536255,6,6.3,19.3,Y,N,Y,18,130,N,Y,Y,Y,경기도 구리시청,031-557-1010,2023-12-13
"경기도",구리시,검배로,,경기도 구리시 토평동 1009-2,31120-CW-00127,1,N,N,37.593466,127.1556808,5,3.9,17,Y,N,N,20,129,N,Y,Y,Y,경기도 구리시청,031-557-1010,2023-12-13
"경기도",구리시,검배로,,경기도 구리시 토평동 1009-2,31120-CW-00128,1,N,N,37.59344011,127.155637,2,3.9,14.2,Y,N,N,19,130,N,Y,Y,N,경기도 구리시청,031-557-1010,2023-12-13
"경기도",구리시,검배로,,경기도 구리시 수택동 882-5,31120-CW-00129,1,N,N,37.5935743,127.1557013,2,2.5,16,N,N,N,0,0,N,Y,Y,N,경기도 구리시청,031-557-1010,2023-12-13
"경기도",구리시,검배로120번길,,경기도 구리시 토평동 1008-4,31120-CW-00130,1,N,N,37.5931135,127.1526991,1,2,12,N,N,N,0,0,N,Y,Y,N,경기도 구리시청,031-557-1010,2023-12-13
"경기도",구리시,검배로136번길,,경기도 구리시 토평동 1004-1,31120-CW-00131,1,N,Y,37.59232623,127.1516932,2,4.1,8.1,Y,N,Y,19,41,N,Y,Y,Y,경기도 구리시청,031-557-1010,2023-12-13
"경기도",구리시,검배로136번길,,경기도 구리시 토평동 1008-4,31120-CW-00132,1,N,N,37.5931135,127.1526991,4,5.9,15.5,Y,N,Y,27,120,N,Y,Y,Y,경기도 구리시청,031-557-1010,2023-12-13
"경기도",구리시,검배로,,경기도 구리시 토평동 1008-3,31120-CW-00133,1,N,N,37.5936964,127.1536801,5,8.4,16.8,Y,N,Y,24,124,N,Y,Y,Y,경기도 구리시청,031-557-1010,2023-12-13
"경기도",구리시,검배로120번길,,경기도 구리시 토평동 1004-1,31120-CW-00134,1,N,N,37.59232623,127.1516932,1,2.1,12.7,N,N,N,0,0,N,Y,Y,N,경기도 구리시청,031-557-1010,2023-12-13
"경기도",구리시,검배로136번길,,경기도 구리시 토평동 997-6,31120-CW-00135,4,N,N,37.59311126,127.1505222,1,4.8,6.2,N,N,N,0,0,Y,Y,Y,N,경기도 구리시청,031-557-1010,2023-12-13
"경기도",구리시,검배로136번길,,경기도 구리시 토평동 1004-1,31120-CW-00136,4,N,N,37.59232623,127.1516932,1,5.7,5.2,N,N,N,0,0,Y,Y,Y,N,경기도 구리시청,031-557-1010,2023-12-13
"경기도",구리시,검배로120번길,,경기도 구리시 토평동 1004-1,31120-CW-00137,1,N,N,37.59232623,127.1516932,1,2.1,13.2,N,N,N,0,0,N,Y,Y,N,경기도 구리시청,031-557-1010,2023-12-13
"경기도",구리시,검배로,,경기도 구리시 토평동 999-4,31120-CW-00138,1,N,N,37.59411971,127.151665,5,6,17,Y,N,Y,26,122,N,Y,Y,Y,경기도 구리시청,031-557-1010,2023-12-13
"경기도",구리시,검배로,,경기도 구리시 수택동 287-4,31120-CW-00139,1,N,N,37.59472964,127.1489314,5,8,19.2,Y,N,Y,26,122,N,Y,Y,Y,경기도 구리시청,031-557-1010,2023-12-13
"경기도",구리시,검배로,,경기도 구리시 수택동 287-4,31120-CW-00140,1,N,N,37.59472964,127.1489314,4,8.1,13.7,Y,N,Y,19,54,N,Y,Y,Y,경기도 구리시청,031-557-1010,2023-12-13
"경기도",구리시,검배로105번길,,경기도 구리시 수택동 287-4,31120-CW-00141,1,N,N,37.59472964,127.1489314,1,3,7.2,N,N,N,0,0,N,Y,Y,N,경기도 구리시청,031-557-1010,2023-12-13
"경기도",구리시,벌말로185번길,,경기도 구리시 수택동 888-1,31120-CW-00142,1,N,N,37.5936118,127.1503763,2,3.1,12.4,Y,N,N,30,120,N,Y,Y,Y,경기도 구리시청,031-557-1010,2023-12-13
"경기도",구리시,벌말로185번길,경기도 구리시 벌말로 185,경기도 구리시 수택동 888,31120-CW-00143,1,N,N,37.5932137,127.1494846,2,4,9.4,N,N,N,0,0,N,Y,N,N,경기도 구리시청,031-557-1010,2023-12-13
"경기도",구리시,검배로,,경기도 구리시 수택동 287-4,31120-CW-00144,1,N,N,37.59472964,127.1489314,4,8,13.6,Y,N,Y,19,52,N,Y,Y,Y,경기도 구리시청,031-557-1010,2023-12-13
"경기도",구리시,검배로94번길,,경기도 구리시 수택동 287-4,31120-CW-00145,1,N,N,37.5947672,127.1489314,1,3,5.6,N,N,N,0,0,N,Y,Y,N,경기도 구리시청,031-557-1010,2023-12-13
"경기도",구리시,검배로93번길,,경기도 구리시 수택동 287-4,31120-CW-00146,1,N,N,37.59472964,127.1489314,1,3,6.2,N,N,N,0,0,N,Y,Y,N,경기도 구리시청,031-557-1010,2023-12-13
"경기도",구리시,검배로,,경기도 구리시 수택동 490-1,31120-CW-00147,1,N,N,37.60039284,127.1415224,6,6,14.7,Y,N,Y,19,54,N,Y,Y,Y,경기도 구리시청,031-557-1010,2023-12-13
"경기도",구리시,검배로,,경기도 구리시 수택동 490-1,31120-CW-00148,1,N,N,37.60039284,127.1415224,4,5.6,13.6,Y,N,N,18,52,N,Y,Y,Y,경기도 구리시청,031-557-1010,2023-12-13
"경기도",구리시,검배로72번길,,경기도 구리시 수택동 490-1,31120-CW-00149,1,N,N,37.60039284,127.1415224,1,3,8.6,N,N,N,0,0,N,Y,Y,N,경기도 구리시청,031-557-1010,2023-12-13
"경기도",구리시,검배로71번길,,경기도 구리시 수택동 508,31120-CW-00150,1,N,N,37.59738822,127.1464056,1,3,7.8,N,N,N,0,0,N,Y,Y,N,경기도 구리시청,031-557-1010,2023-12-13
"경기도",구리시,검배로,,경기도 구리시 수택동 490-1,31120-CW-00151,1,N,N,37.60039284,127.1415224,4,7,13.4,Y,N,Y,20,55,N,Y,Y,Y,경기도 구리시청,031-557-1010,2023-12-13
"경기도",구리시,검배로59번길,,경기도 구리시 수택동 505,31120-CW-00152,1,N,N,37.59737231,127.1453256,3,3.9,11.8,Y,N,Y,18,57,N,Y,Y,N,경기도 구리시청,031-557-1010,2023-12-13
"경기도",구리시,검배로60번길,,경기도 구리시 수택동 490-1,31120-CW-00153,1,N,N,37.60039284,127.1415224,1,3,7.9,Y,N,Y,18,57,N,Y,Y,N,경기도 구리시청,031-557-1010,2023-12-13
"경기도",구리시,검배로,,경기도 구리시 수택동 490-1,31120-CW-00154,1,N,N,37.60039284,127.1415224,4,7,13.6,Y,N,Y,20,130,N,Y,Y,Y,경기도 구리시청,031-557-1010,2023-12-13
"경기도",구리시,검배로48번길,,경기도 구리시 수택동 490-1,31120-CW-00155,1,N,N,37.60039284,127.1415224,2,2.5,7.6,Y,N,Y,17,131,N,Y,Y,N,경기도 구리시청,031-557-1010,2023-12-13
"경기도",구리시,검배로,,경기도 구리시 수택동 490-1,31120-CW-00156,1,N,N,37.60039284,127.1415224,5,5.4,16.8,Y,N,Y,19,128,N,Y,Y,Y,경기도 구리시청,031-557-1010,2023-12-13
"경기도",구리시,검배로,,경기도 구리시 수택동 490-1,31120-CW-00157,1,N,N,37.60039284,127.1415224,5,7.5,16.3,Y,N,Y,24,126,N,Y,Y,Y,경기도 구리시청,031-557-1010,2023-12-13
"경기도",구리시,검배로31번길,,경기도 구리시 수택동 515-52,31120-CW-00158,1,N,N,37.59867734,127.1433529,1,2.5,12.2,N,N,N,0,0,N,Y,Y,N,경기도 구리시청,031-557-1010,2023-12-13
"경기도",구리시,검배로,,경기도 구리시 수택동 490-1,31120-CW-00159,4,N,N,37.60039284,127.1415224,5,6.1,13.8,Y,N,Y,25,123,Y,Y,Y,Y,경기도 구리시청,031-557-1010,2023-12-13
"경기도",구리시,검배로,,경기도 구리시 수택동 490-1,31120-CW-00160,1,N,N,37.60039284,127.1415224,4,7.5,13.4,Y,N,Y,24,124,N,Y,Y,Y,경기도 구리시청,031-557-1010,2023-12-13
"경기도",구리시,검배로13번길,,경기도 구리시 수택동 490-1,31120-CW-00161,1,N,N,37.60039284,127.1415224,1,2.9,9.4,N,N,N,0,0,N,Y,Y,N,경기도 구리시청,031-557-1010,2023-12-13
"경기도",구리시,검배로,,경기도 구리시 수택동 490,31120-CW-00162,1,N,N,37.6008057,127.1413585,5,8.1,20.3,Y,N,Y,30,150,N,Y,Y,Y,경기도 구리시청,031-557-1010,2023-12-13
"경기도",구리시,안골로,,경기도 구리시 수택동 428,31120-CW-00163,1,N,N,37.59775966,127.1430477,4,5.3,13,Y,N,Y,20,131,N,Y,Y,Y,경기도 구리시청,031-557-1010,2023-12-13
"경기도",구리시,안골로,,경기도 구리시 수택동 428,31120-CW-00164,1,N,N,37.59775966,127.1430477,4,6.1,15,Y,N,Y,15,57,N,Y,Y,Y,경기도 구리시청,031-557-1010,2023-12-13
"경기도",구리시,안골로,,경기도 구리시 수택동 428,31120-CW-00165,1,N,N,37.59775966,127.1430477,4,3.1,15,Y,N,Y,15,60,N,Y,Y,Y,경기도 구리시청,031-557-1010,2023-12-13
"경기도",구리시,안골로,,경기도 구리시 수택동 428,31120-CW-00166,1,N,N,37.59775966,127.1430477,4,4,12.8,Y,N,Y,16,58,N,N,N,Y,경기도 구리시청,031-557-1010,2023-12-13
"경기도",구리시,안골로,,경기도 구리시 수택동 428,31120-CW-00167,1,N,N,37.59775966,127.1430477,1,2,6.7,N,N,N,0,0,N,Y,Y,N,경기도 구리시청,031-557-1010,2023-12-13
"경기도",구리시,안골로,,경기도 구리시 수택동 428,31120-CW-00168,1,N,N,37.59775966,127.1430477,4,6.4,13,Y,N,Y,16,58,N,Y,Y,Y,경기도 구리시청,031-557-1010,2023-12-13
"경기도",구리시,안골로86번길,,경기도 구리시 수택동 428,31120-CW-00169,1,N,N,37.59775966,127.1430477,1,3.1,7.7,N,N,N,0,0,N,Y,Y,N,경기도 구리시청,031-557-1010,2023-12-13
"경기도",구리시,안골로,,경기도 구리시 수택동 428,31120-CW-00170,1,N,N,37.59775966,127.1430477,4,4.1,13,Y,N,Y,16,56,N,Y,Y,Y,경기도 구리시청,031-557-1010,2023-12-13
"경기도",구리시,안골로,,경기도 구리시 수택동 428,31120-CW-00171,1,Y,N,37.59775966,127.1430477,2,1.2,7.8,N,N,N,0,0,N,Y,Y,N,경기도 구리시청,031-557-1010,2023-12-13
"경기도",구리시,안골로,,경기도 구리시 수택동 428,31120-CW-00172,1,N,N,37.59775966,127.1430477,4,6.5,13,Y,N,Y,16,56,N,Y,Y,Y,경기도 구리시청,031-557-1010,2023-12-13
"경기도",구리시,안골로,,경기도 구리시 수택동 428,31120-CW-00173,1,N,N,37.59775966,127.1430477,1,3,4.5,N,N,N,0,0,N,Y,Y,N,경기도 구리시청,031-557-1010,2023-12-13
"경기도",구리시,안골로,,경기도 구리시 수택동 428,31120-CW-00174,1,N,N,37.59775966,127.1430477,4,6.4,13.1,Y,N,Y,16,58,N,Y,Y,Y,경기도 구리시청,031-557-1010,2023-12-13
"경기도",구리시,안골로64번길,,경기도 구리시 수택동 428,31120-CW-00175,1,Y,N,37.59775966,127.1430477,2,3.9,8.4,Y,N,Y,16,58,N,Y,Y,Y,경기도 구리시청,031-557-1010,2023-12-13
"경기도",구리시,안골로,,경기도 구리시 수택동 428,31120-CW-00176,1,N,N,37.59775966,127.1430477,4,4.3,13.3,Y,N,Y,16,58,N,Y,Y,Y,경기도 구리시청,031-557-1010,2023-12-13
"경기도",구리시,안골로,,경기도 구리시 수택동 478-1,31120-CW-00177,1,N,N,37.59763287,127.1370458,1,2.6,8.9,N,N,N,0,0,N,Y,Y,N,경기도 구리시청,031-557-1010,2023-12-13
"경기도",구리시,안골로,,경기도 구리시 교문동 1,31120-CW-00178,1,N,N,37.5972909,127.1369258,4,6.5,14.3,Y,N,Y,19,140,N,Y,Y,Y,경기도 구리시청,031-557-1010,2023-12-13
"경기도",구리시,안골로,,경기도 구리시 교문동 772,31120-CW-00179,1,N,N,37.59718845,127.134684,4,8.4,14.3,Y,N,Y,20,130,N,Y,Y,Y,경기도 구리시청,031-557-1010,2023-12-13
"경기도",구리시,안골로20번길,,경기도 구리시 교문동 778,31120-CW-00180,1,N,N,37.59640126,127.1339375,1,2.8,5.5,N,N,N,0,0,N,Y,N,Y,경기도 구리시청,031-557-1010,2023-12-13
"경기도",구리시,안골로20번길,,경기도 구리시 교문동 781,31120-CW-00181,1,N,N,37.59464333,127.1365737,1,3,7,N,N,N,0,0,N,Y,N,N,경기도 구리시청,031-557-1010,2023-12-13
"경기도",구리시,안골로20번길,,경기도 구리시 교문동 777,31120-CW-00182,1,N,Y,37.59595149,127.1343785,1,4,7.9,N,N,N,0,0,N,Y,N,N,경기도 구리시청,031-557-1010,2023-12-13
"경기도",구리시,안골로20번길,,경기도 구리시 교문동 781,31120-CW-00183,1,N,N,37.59464333,127.1365737,1,3,7.1,N,N,N,0,0,N,Y,N,N,경기도 구리시청,031-557-1010,2023-12-13
"경기도",구리시,안골로20번길,,경기도 구리시 교문동 781,31120-CW-00184,1,N,N,37.59464333,127.1365737,1,3.1,7.2,N,N,N,0,0,N,Y,N,N,경기도 구리시청,031-557-1010,2023-12-13
"경기도",구리시,안골로30번길,,경기도 구리시 교문동 777,31120-CW-00185,1,N,N,37.59595149,127.1343785,2,3,8.1,N,N,N,0,0,N,Y,N,N,경기도 구리시청,031-557-1010,2023-12-13
"경기도",구리시,안골로20번길,,경기도 구리시 교문동 781,31120-CW-00186,1,N,N,37.59464333,127.1365737,2,5.8,6.9,N,N,N,0,0,N,Y,N,N,경기도 구리시청,031-557-1010,2023-12-13
"경기도",구리시,안골로20번길,,경기도 구리시 교문동 781,31120-CW-00187,1,N,N,37.59464333,127.1365737,2,6,7,N,N,N,0,0,N,Y,Y,N,경기도 구리시청,031-557-1010,2023-12-13
"경기도",구리시,아차산로432번길,,경기도 구리시 교문동 781,31120-CW-00188,1,N,Y,37.59464333,127.1365737,1,1.9,7,N,N,N,0,0,N,Y,Y,N,경기도 구리시청,031-557-1010,2023-12-13
"경기도",구리시,아차산로432번길,,경기도 구리시 교문동 781,31120-CW-00189,1,N,Y,37.59464333,127.1365737,1,1.9,7.1,N,N,N,0,0,N,Y,Y,N,경기도 구리시청,031-557-1010,2023-12-13
"경기도",구리시,아차산로432번길,,경기도 구리시 교문동 781,31120-CW-00190,2,N,N,37.59464333,127.1365737,1,2,12.8,N,N,N,0,0,N,Y,Y,N,경기도 구리시청,031-557-1010,2023-12-13
"경기도",구리시,안골로8번길,,경기도 구리시 교문동 781,31120-CW-00191,1,N,Y,37.59464333,127.1365737,1,1.9,6.4,N,N,N,0,0,N,Y,Y,N,경기도 구리시청,031-557-1010,2023-12-13
"경기도",구리시,안골로8번길,,경기도 구리시 교문동 781,31120-CW-00192,2,N,N,37.59464333,127.1365737,1,2,12.6,N,N,N,0,0,N,Y,Y,N,경기도 구리시청,031-557-1010,2023-12-13
"경기도",구리시,이문안로15번길,,경기도 구리시 교문동 786,31120-CW-00193,1,N,Y,37.5928535,127.1330188,1,2,8.3,N,N,N,0,0,N,Y,Y,N,경기도 구리시청,031-557-1010,2023-12-13
"경기도",구리시,아차산로405번길,,경기도 구리시 교문동 422-15,31120-CW-00194,1,N,N,37.5911882,127.1308021,1,3.2,10.5,N,N,N,0,0,N,Y,Y,Y,경기도 구리시청,031-557-1010,2023-12-13
"경기도",구리시,아차산로,,경기도 구리시 교문동 105-3,31120-CW-00195,1,N,N,37.5918725,127.1314259,7,8.4,23.6,Y,N,Y,28,152,N,Y,Y,Y,경기도 구리시청,031-557-1010,2023-12-13
"경기도",구리시,아차산로,,경기도 구리시 교문동 105-3,31120-CW-00196,1,N,N,37.5918725,127.1314046,7,8,23.6,Y,N,Y,28,152,N,Y,Y,Y,경기도 구리시청,031-557-1010,2023-12-13
"경기도",구리시,아차산로,경기도 구리시 이문안로 10,경기도 구리시 교문동 109-28,31120-CW-00197,1,N,N,37.59169522,127.132441,1,1.8,4.8,N,N,N,0,0,N,Y,Y,N,경기도 구리시청,031-557-1010,2023-12-13
"경기도",구리시,아차산로,,경기도 구리시 교문동 793,31120-CW-00198,1,N,N,37.5947187,127.1313821,1,2,15.8,N,N,N,0,0,N,Y,Y,N,경기도 구리시청,031-557-1010,2023-12-13
"경기도",구리시,아차산로,,경기도 구리시 교문동 118-1,31120-CW-00199,1,N,N,37.59410167,127.1311115,1,2,15.5,N,N,N,0,0,N,Y,Y,N,경기도 구리시청,031-557-1010,2023-12-13
"경기도",구리시,아차산로,,경기도 구리시 교문동 127-8,31120-CW-00200,1,N,N,37.59456279,127.1310098,5,3.6,18.2,Y,N,Y,30,53,N,Y,Y,Y,경기도 구리시청,031-557-1010,2023-12-13
"경기도",구리시,아차산로,,경기도 구리시 교문동 127-3,31120-CW-00201,1,N,N,37.59537597,127.1311544,7,3.4,22.7,Y,N,Y,30,53,N,Y,Y,Y,경기도 구리시청,031-557-1010,2023-12-13
"경기도",구리시,아차산로,,경기도 구리시 교문동 175-2,31120-CW-00202,4,N,N,37.598391,127.1306459,7,4.3,22.5,Y,N,Y,28,152,Y,Y,Y,Y,경기도 구리시청,031-557-1010,2023-12-13
"경기도",구리시,아차산로487번길,,경기도 구리시 교문동 산 52-1,31120-CW-00203,4,N,N,37.59860526,127.1304478,4,6,21.7,Y,N,Y,28,152,Y,Y,Y,Y,경기도 구리시청,031-557-1010,2023-12-13
"경기도",구리시,아차산로487번길,,경기도 구리시 교문동 산 52-1,31120-CW-00204,4,N,N,37.59860526,127.1304802,1,4.8,5.5,N,N,N,0,0,Y,Y,Y,N,경기도 구리시청,031-557-1010,2023-12-13
"경기도",구리시,아차산로487번길,,경기도 구리시 교문동 281-8,31120-CW-00205,1,N,Y,37.599305,127.129687,3,2,11.5,N,N,N,0,0,N,Y,Y,N,경기도 구리시청,031-557-1010,2023-12-13
"경기도",구리시,아차산로487번길,,경기도 구리시 교문동 358-13,31120-CW-00206,1,N,N,37.59802365,127.1287434,2,3,14.3,N,N,N,0,0,N,Y,Y,N,경기도 구리시청,031-557-1010,2023-12-13
"경기도",구리시,아차산로506번길,,경기도 구리시 교문동 277-6,31120-CW-00207,1,N,N,37.600176,127.1309545,1,3,8.2,N,N,N,0,0,N,Y,Y,N,경기도 구리시청,031-557-1010,2023-12-13
"경기도",구리시,아차산로,,경기도 구리시 교문동 285-4,31120-CW-00208,4,N,N,37.60119163,127.128472,7,6.4,23.7,Y,N,Y,30,150,Y,Y,Y,Y,경기도 구리시청,031-557-1010,2023-12-13
"경기도",구리시,아차산로,,경기도 구리시 교문동 257-1,31120-CW-00209,4,N,Y,37.60110094,127.1307277,1,6.2,5.6,N,N,N,0,0,Y,Y,Y,N,경기도 구리시청,031-557-1010,2023-12-13
"경기도",구리시,경춘로,,경기도 구리시 교문동 257-1,31120-CW-00210,4,N,N,37.60110094,127.1307277,7,6.4,25.7,Y,N,Y,33,147,Y,Y,Y,Y,경기도 구리시청,031-557-1010,2023-12-13
"경기도",구리시,경춘로,,경기도 구리시 교문동 285-4,31120-CW-00211,4,N,N,37.60119163,127.128472,7,6.4,28.1,Y,N,Y,33,147,Y,Y,Y,Y,경기도 구리시청,031-557-1010,2023-12-13
"경기도",구리시,동구릉로,,경기도 구리시 교문동 257-1,31120-CW-00212,4,N,N,37.60110094,127.1307277,6,5.7,21.8,Y,N,Y,30,150,Y,Y,Y,Y,경기도 구리시청,031-557-1010,2023-12-13
"경기도",구리시,동구릉로,,경기도 구리시 교문동 285-4,31120-CW-00213,4,N,Y,37.60119163,127.128472,1,4,5.7,N,N,N,0,0,Y,Y,Y,N,경기도 구리시청,031-557-1010,2023-12-13
"경기도",구리시,경춘로,,경기도 구리시 교문동 257-1,31120-CW-00214,4,N,N,37.60110094,127.1307277,1,6,6.3,N,N,N,0,0,Y,Y,Y,N,경기도 구리시청,031-557-1010,2023-12-13
"경기도",구리시,동구릉로6번길,,경기도 구리시 교문동 산 4-1,31120-CW-00215,1,N,N,37.60152513,127.1310575,1,3,6,N,N,N,0,0,N,Y,Y,Y,경기도 구리시청,031-557-1010,2023-12-13
"경기도",구리시,동구릉로,,경기도 구리시 인창동 563-1,31120-CW-00216,1,N,N,37.60340924,127.1323571,1,2.5,4.3,N,N,N,0,0,N,Y,Y,Y,경기도 구리시청,031-557-1010,2023-12-13
"경기도",구리시,인창2로,,경기도 구리시 인창동 714-1,31120-CW-00217,1,N,N,37.60243697,127.1303265,1,2.5,10,N,N,N,0,0,N,Y,Y,Y,경기도 구리시청,031-557-1010,2023-12-13
"경기도",구리시,동구릉로16번길,,경기도 구리시 인창동 563-1,31120-CW-00218,1,N,N,37.60340924,127.1323571,1,3.8,8,N,N,N,0,0,N,Y,Y,N,경기도 구리시청,031-557-1010,2023-12-13
"경기도",구리시,동구릉로,,경기도 구리시 인창동 714-1,31120-CW-00219,1,N,N,37.6024554,127.1303265,3,4.2,9.5,Y,N,Y,20,59,N,Y,Y,Y,경기도 구리시청,031-557-1010,2023-12-13
"경기도",구리시,인창2로,,경기도 구리시 인창동 714-1,31120-CW-00220,1,N,N,37.60243697,127.1303265,3,3.3,10.3,Y,N,Y,20,59,N,Y,Y,Y,경기도 구리시청,031-557-1010,2023-12-13
"경기도",구리시,인창2로,,경기도 구리시 인창동 713-1,31120-CW-00221,1,N,N,37.60317795,127.1309289,4,5.5,12.8,Y,N,Y,20,59,N,Y,Y,Y,경기도 구리시청,031-557-1010,2023-12-13
"경기도",구리시,동구릉로,,경기도 구리시 인창동 713-1,31120-CW-00222,1,N,N,37.60317795,127.1309289,1,3,5,N,N,N,0,0,N,Y,Y,Y,경기도 구리시청,031-557-1010,2023-12-13
"경기도",구리시,인창2로,,경기도 구리시 인창동 713,31120-CW-00223,1,N,N,37.6031436,127.1304368,1,3.4,5.4,N,N,N,0,0,N,Y,Y,N,경기도 구리시청,031-557-1010,2023-12-13
"경기도",구리시,인창2로,,경기도 구리시 인창동 713-1,31120-CW-00224,1,N,Y,37.6031975,127.1309558,4,6.2,13.5,Y,N,Y,20,60,N,Y,Y,Y,경기도 구리시청,031-557-1010,2023-12-13
"경기도",구리시,인창2로,,경기도 구리시 인창동 713-1,31120-CW-00225,4,N,Y,37.60317795,127.130995,3,6.1,10.3,Y,N,Y,20,60,Y,Y,Y,Y,경기도 구리시청,031-557-1010,2023-12-13
"경기도",구리시,달맞이길,,경기도 구리시 인창동 713-1,31120-CW-00226,4,N,N,37.60317795,127.1309289,3,3.4,6,Y,N,Y,20,60,Y,Y,Y,Y,경기도 구리시청,031-557-1010,2023-12-13
"경기도",구리시,달맞이길,,경기도 구리시 인창동 619-32,31120-CW-00227,1,N,N,37.603996,127.1309572,3,4.4,18.5,Y,N,Y,20,60,N,Y,N,Y,경기도 구리시청,031-557-1010,2023-12-13
"경기도",구리시,달맞이길,,경기도 구리시 인창동 산 12-163,31120-CW-00228,1,N,N,37.60449055,127.130845,2,4.4,6.7,Y,N,Y,13,30,N,N,N,Y,경기도 구리시청,031-557-1010,2023-12-13
"경기도",구리시,인창2로43번길,,경기도 구리시 인창동 625-2,31120-CW-00229,1,N,N,37.60633991,127.1304773,1,3.5,7.1,N,N,N,0,0,N,N,N,N,경기도 구리시청,031-557-1010,2023-12-13
"경기도",구리시,달맞이길,,경기도 구리시 인창동 713-1,31120-CW-00230,4,N,N,37.60317795,127.1309289,1,4,3.2,N,N,N,0,0,Y,Y,Y,N,경기도 구리시청,031-557-1010,2023-12-13
"경기도",구리시,동구릉로,경기도 구리시 동구릉로 17,경기도 구리시 인창동 562-61,31120-CW-00231,1,N,N,37.6025325,127.1312816,1,2.9,10.7,N,N,N,0,0,N,Y,Y,Y,경기도 구리시청,031-557-1010,2023-12-13
"경기도",구리시,동구릉로,,경기도 구리시 인창동 563-1,31120-CW-00232,1,N,N,37.60340924,127.1323571,1,3.3,7.9,N,N,N,0,0,N,Y,Y,Y,경기도 구리시청,031-557-1010,2023-12-13
"경기도",구리시,동구릉로30번길,,경기도 구리시 인창동 563-1,31120-CW-00233,1,N,N,37.60340924,127.1323571,1,2.6,5.9,N,N,N,0,0,N,Y,Y,N,경기도 구리시청,031-557-1010,2023-12-13
"경기도",구리시,동구릉로,,경기도 구리시 인창동 563-1,31120-CW-00234,1,N,N,37.60340924,127.1323571,1,2.8,5.8,N,N,N,0,0,N,Y,Y,N,경기도 구리시청,031-557-1010,2023-12-13
"경기도",구리시,동구릉로,,경기도 구리시 인창동 563-1,31120-CW-00235,4,N,N,37.6034897,127.1323571,6,5.1,22.3,Y,N,N,26,124,Y,Y,Y,Y,경기도 구리시청,031-557-1010,2023-12-13
"경기도",구리시,동구릉로,,경기도 구리시 인창동 563-1,31120-CW-00236,4,N,N,37.6034888,127.1323571,1,2.3,5.1,N,N,N,0,0,Y,Y,Y,Y,경기도 구리시청,031-557-1010,2023-12-13
"경기도",구리시,동구릉로,,경기도 구리시 인창동 562-46,31120-CW-00237,4,N,N,37.6035405,127.1324939,1,2.6,3.7,N,N,N,0,0,Y,Y,Y,N,경기도 구리시청,031-557-1010,2023-12-13
"경기도",구리시,동구릉로,,경기도 구리시 인창동 562-46,31120-CW-00238,1,N,N,37.60358049,127.1324939,2,2.7,9.9,N,N,N,0,0,N,Y,Y,Y,경기도 구리시청,031-557-1010,2023-12-13
"경기도",구리시,동구릉로,,경기도 구리시 인창동 552-1,31120-CW-00239,1,N,N,37.60454699,127.1333137,1,2.6,6.9,N,N,N,0,0,N,Y,Y,Y,경기도 구리시청,031-557-1010,2023-12-13
"경기도",구리시,동구릉로,,경기도 구리시 인창동 562-46,31120-CW-00240,1,N,N,37.60358049,127.1324939,2,1.9,7,N,N,N,0,0,N,Y,Y,N,경기도 구리시청,031-557-1010,2023-12-13
"경기도",구리시,동구릉로,,경기도 구리시 인창동 562-46,31120-CW-00241,1,N,N,37.6035963,127.1324939,1,2.7,6,N,N,N,0,0,N,Y,Y,Y,경기도 구리시청,031-557-1010,2023-12-13
"경기도",구리시,동구릉로30번길,,경기도 구리시 인창동 573-2,31120-CW-00242,1,N,N,37.60396871,127.1335316,1,2.8,6,N,N,N,0,0,N,Y,Y,Y,경기도 구리시청,031-557-1010,2023-12-13
"경기도",구리시,동구릉로,,경기도 구리시 인창동 575-2,31120-CW-00243,4,N,N,37.6042018,127.1333453,6,6.1,18.6,Y,N,Y,28,122,Y,Y,Y,Y,경기도 구리시청,031-557-1010,2023-12-13
"경기도",구리시,동구릉로,,경기도 구리시 인창동 546-4,31120-CW-00244,4,N,N,37.6048961,127.1328497,1,4.4,4,Y,N,Y,50,100,Y,Y,Y,Y,경기도 구리시청,031-557-1010,2023-12-13
"경기도",구리시,동구릉로,,경기도 구리시 인창동 552-1,31120-CW-00245,1,N,N,37.60454699,127.1333137,1,3.3,6,N,N,N,0,0,N,Y,Y,Y,경기도 구리시청,031-557-1010,2023-12-13
"경기도",구리시,동구릉로,,경기도 구리시 인창동 552-1,31120-CW-00246,4,N,N,37.60454699,127.1333137,5,6,14.8,Y,N,Y,24,126,Y,Y,Y,Y,경기도 구리시청,031-557-1010,2023-12-13
"경기도",구리시,인창1로,,경기도 구리시 인창동 552-5,31120-CW-00247,4,N,N,37.60460281,127.1332868,1,4.4,5.5,Y,N,Y,50,100,Y,Y,Y,Y,경기도 구리시청,031-557-1010,2023-12-13
"경기도",구리시,인창1로,,경기도 구리시 인창동 546-4,31120-CW-00248,4,N,N,37.6048961,127.1328497,4,5.6,19,Y,N,Y,50,100,Y,Y,Y,Y,경기도 구리시청,031-557-1010,2023-12-13
"경기도",구리시,동구릉로,경기도 구리시 동구릉로 50,경기도 구리시 인창동 576-22,31120-CW-00249,1,N,N,37.6044633,127.1339099,1,3.1,8.7,N,N,N,0,0,N,Y,Y,N,경기도 구리시청,031-557-1010,2023-12-13
"경기도",구리시,동구릉로,,경기도 구리시 인창동 309,31120-CW-00250,1,N,N,37.60574469,127.1344072,2,4,9.8,Y,N,Y,23,127,N,Y,Y,Y,경기도 구리시청,031-557-1010,2023-12-13
"경기도",구리시,동구릉로53번길,,경기도 구리시 인창동 575-21,31120-CW-00251,1,N,N,37.6053398,127.1333447,3,5.3,8.8,Y,N,Y,23,127,N,Y,Y,N,경기도 구리시청,031-557-1010,2023-12-13
"경기도",구리시,동구릉로,,경기도 구리시 인창동 309,31120-CW-00252,1,N,N,37.60574469,127.1344072,4,6.2,14.7,Y,N,Y,27,123,N,Y,Y,Y,경기도 구리시청,031-557-1010,2023-12-13
"경기도",구리시,동구릉로53번길,,경기도 구리시 인창동 527-82,31120-CW-00253,1,N,N,37.60631776,127.1334387,2,4.4,6,N,N,N,0,0,N,Y,Y,Y,경기도 구리시청,031-557-1010,2023-12-13
"경기도",구리시,동구릉로53번길,,경기도 구리시 인창동 575-21,31120-CW-00254,1,N,N,37.6053398,127.1333447,2,4,7.6,N,N,N,0,0,N,Y,Y,Y,경기도 구리시청,031-557-1010,2023-12-13
"경기도",구리시,동구릉로53번길,,경기도 구리시 인창동 541-52,31120-CW-00255,1,N,N,37.6066653,127.1327743,1,4,6,N,N,N,0,0,N,Y,Y,Y,경기도 구리시청,031-557-1010,2023-12-13
"경기도",구리시,동구릉로53번길,,경기도 구리시 인창동 528-4,31120-CW-00256,1,N,N,37.60819328,127.1320305,3,5,10,N,N,N,0,0,N,Y,Y,N,경기도 구리시청,031-557-1010,2023-12-13
"경기도",구리시,동구릉로53번길,,경기도 구리시 인창동 498,31120-CW-00257,1,N,N,37.60949109,127.1363005,3,5.1,7.2,N,N,N,0,0,N,Y,Y,N,경기도 구리시청,031-557-1010,2023-12-13
"경기도",구리시,동구릉로53번길,,경기도 구리시 인창동 649-20,31120-CW-00258,1,N,N,37.60954134,127.1296814,3,4.1,7.9,N,N,N,0,0,N,Y,Y,N,경기도 구리시청,031-557-1010,2023-12-13
"경기도",구리시,동구릉로85번길,,경기도 구리시 인창동 452,31120-CW-00259,1,N,N,37.61124776,127.1355151,3,5.8,8.9,Y,N,N,14,61,N,Y,Y,Y,경기도 구리시청,031-557-1010,2023-12-13
"경기도",구리시,동구릉로85번길,,경기도 구리시 인창동 452,31120-CW-00260,1,N,N,37.61124776,127.1355151,2,1.5,5.7,N,N,N,0,0,N,Y,Y,N,경기도 구리시청,031-557-1010,2023-12-13
"경기도",구리시,동구릉로85번길,,경기도 구리시 인창동 452,31120-CW-00261,1,N,N,37.61124776,127.1355151,1,3.2,13,N,N,N,0,0,N,Y,Y,Y,경기도 구리시청,031-557-1010,2023-12-13
"경기도",구리시,동구릉로85번길,,경기도 구리시 인창동 452,31120-CW-00262,1,N,N,37.61124776,127.1355151,3,6.2,8,Y,N,N,13,62,N,Y,Y,Y,경기도 구리시청,031-557-1010,2023-12-13
"경기도",구리시,동구릉로85번길,,경기도 구리시 인창동 452,31120-CW-00263,1,N,N,37.61124776,127.1355151,2,2.5,8.7,Y,N,N,13,62,N,Y,Y,Y,경기도 구리시청,031-557-1010,2023-12-13
"경기도",구리시,동구릉로85번길,,경기도 구리시 인창동 452,31120-CW-00264,1,N,N,37.61124776,127.1355151,1,3.8,6.1,Y,N,N,13,62,N,Y,Y,Y,경기도 구리시청,031-557-1010,2023-12-13
"경기도",구리시,동구릉로85번길,,경기도 구리시 인창동 452,31120-CW-00265,1,N,N,37.61124776,127.1355151,2,4.1,5.9,N,N,N,0,0,N,N,N,N,경기도 구리시청,031-557-1010,2023-12-13
"경기도",구리시,동구릉로85번길,,경기도 구리시 인창동 452,31120-CW-00266,1,N,N,37.61124776,127.1355151,2,6.6,5.9,N,N,N,0,0,N,N,N,Y,경기도 구리시청,031-557-1010,2023-12-13
"경기도",구리시,동구릉로85번길,,경기도 구리시 인창동 452,31120-CW-00267,1,N,N,37.61124776,127.1355151,1,6.6,9,Y,N,Y,25,50,N,N,N,Y,경기도 구리시청,031-557-1010,2023-12-13
"경기도",구리시,동구릉로85번길,,경기도 구리시 인창동 487-50,31120-CW-00268,1,N,N,37.6094648,127.1327074,3,6.2,7.6,Y,N,N,14,61,N,Y,Y,Y,경기도 구리시청,031-557-1010,2023-12-13
"경기도",구리시,동구릉로85번길,,경기도 구리시 인창동 487-50,31120-CW-00269,1,N,N,37.6094648,127.1327074,3,3,8.6,Y,N,N,14,61,N,Y,Y,Y,경기도 구리시청,031-557-1010,2023-12-13
"경기도",구리시,동구릉로85번길,,경기도 구리시 인창동 493-29,31120-CW-00270,1,N,N,37.60886383,127.1331391,3,2.9,8.5,Y,N,N,19,56,N,Y,Y,N,경기도 구리시청,031-557-1010,2023-12-13
"경기도",구리시,동구릉로85번길,,경기도 구리시 인창동 493-29,31120-CW-00271,1,N,N,37.60886383,127.1331391,3,6.3,9.2,Y,N,N,19,56,N,Y,Y,Y,경기도 구리시청,031-557-1010,2023-12-13
"경기도",구리시,동구릉로85번길,,경기도 구리시 인창동 525-2,31120-CW-00272,1,N,N,37.60775423,127.1338599,4,4.4,13,Y,N,N,19,56,N,Y,Y,Y,경기도 구리시청,031-557-1010,2023-12-13
"경기도",구리시,동구릉로85번길,,경기도 구리시 인창동 498,31120-CW-00273,1,N,N,37.60949109,127.1363005,3,4.3,8.2,N,N,N,0,0,N,Y,Y,Y,경기도 구리시청,031-557-1010,2023-12-13
"경기도",구리시,동구릉로85번길,,경기도 구리시 인창동 525-2,31120-CW-00274,4,N,N,37.6077756,127.1338599,4,3.1,15.9,Y,N,Y,23,127,Y,Y,Y,Y,경기도 구리시청,031-557-1010,2023-12-13
"경기도",구리시,동구릉로,,경기도 구리시 인창동 498,31120-CW-00275,1,N,N,37.60949109,127.1363005,5,4.9,17.3,Y,N,Y,26,124,N,Y,Y,Y,경기도 구리시청,031-557-1010,2023-12-13
"경기도",구리시,동구릉로85번길,,경기도 구리시 인창동 525-2,31120-CW-00276,4,N,N,37.60775423,127.1338599,1,3.9,5.5,N,N,N,0,0,Y,Y,Y,N,경기도 구리시청,031-557-1010,2023-12-13
"경기도",구리시,동구릉로,,경기도 구리시 인창동 498,31120-CW-00277,1,N,N,37.60949109,127.1363005,5,6,17.8,Y,N,Y,24,126,N,Y,Y,Y,경기도 구리시청,031-557-1010,2023-12-13
"경기도",구리시,동구릉로103번길,,경기도 구리시 인창동 497-8,31120-CW-00278,1,N,N,37.60931881,127.1351747,1,2,6.7,N,N,N,0,0,N,Y,Y,N,경기도 구리시청,031-557-1010,2023-12-13
"경기도",구리시,동구릉로,,경기도 구리시 인창동 498,31120-CW-00279,1,N,N,37.60949109,127.1363005,1,2,5.7,N,N,N,0,0,N,Y,Y,N,경기도 구리시청,031-557-1010,2023-12-13
"경기도",구리시,동구릉로,,경기도 구리시 인창동 498,31120-CW-00280,1,N,N,37.60949109,127.1363005,4,6,13.2,Y,N,Y,21,69,N,Y,Y,Y,경기도 구리시청,031-557-1010,2023-12-13
"경기도",구리시,동구릉로,,경기도 구리시 인창동 498,31120-CW-00281,1,N,N,37.60949109,127.1363005,4,6.3,15.4,Y,N,Y,21,70,N,Y,Y,Y,경기도 구리시청,031-557-1010,2023-12-13
"경기도",구리시,동구릉로,,경기도 구리시 인창동 406-1,31120-CW-00282,4,N,N,37.60923858,127.1363606,1,3,5,N,N,N,0,0,Y,Y,Y,N,경기도 구리시청,031-557-1010,2023-12-13
"경기도",구리시,동구릉로,,경기도 구리시 인창동 498,31120-CW-00283,4,N,N,37.60949109,127.1363005,1,2.3,7.7,N,N,N,0,0,Y,Y,Y,N,경기도 구리시청,031-557-1010,2023-12-13
"경기도",구리시,동구릉로,,경기도 구리시 인창동 406-1,31120-CW-00284,1,N,N,37.60923858,127.136379,1,3,9,N,N,N,0,0,N,Y,Y,N,경기도 구리시청,031-557-1010,2023-12-13
"경기도",구리시,동구릉로,,경기도 구리시 인창동 406,31120-CW-00285,1,N,N,37.6094889,127.1368603,1,2,9,N,N,N,0,0,N,N,Y,N,경기도 구리시청,031-557-1010,2023-12-13
"경기도",구리시,건원대로99번길,,경기도 구리시 인창동 679-7,31120-CW-00286,1,N,N,37.60696676,127.1392173,1,3.9,9.1,N,N,N,0,0,N,Y,Y,N,경기도 구리시청,031-557-1010,2023-12-13
"경기도",구리시,동구릉로103번길,,경기도 구리시 인창동 452,31120-CW-00287,1,N,N,37.61124776,127.1355151,2,4.3,7.7,N,N,Y,0,0,N,Y,N,Y,경기도 구리시청,031-557-1010,2023-12-13
"경기도",구리시,동구릉로103번길,,경기도 구리시 인창동 452,31120-CW-00288,1,N,Y,37.61124776,127.1355151,1,4.2,7.3,N,N,Y,0,0,N,N,N,Y,경기도 구리시청,031-557-1010,2023-12-13
"경기도",구리시,동구릉로103번길,,경기도 구리시 인창동 452,31120-CW-00289,1,N,Y,37.61124776,127.1355151,1,4.5,5.2,N,N,N,0,0,N,N,N,N,경기도 구리시청,031-557-1010,2023-12-13
"경기도",구리시,동구릉로,,경기도 구리시 인창동 452,31120-CW-00290,1,N,N,37.61124776,127.1355151,2,3.1,5,N,N,N,0,0,N,Y,N,N,경기도 구리시청,031-557-1010,2023-12-13
"경기도",구리시,동구릉로103번길,,경기도 구리시 인창동 452,31120-CW-00291,1,N,N,37.61124776,127.1355151,1,3,4,N,N,N,0,0,N,Y,Y,Y,경기도 구리시청,031-557-1010,2023-12-13
"경기도",구리시,동구릉로103번길,,경기도 구리시 인창동 452,31120-CW-00292,2,N,N,37.61124776,127.1355151,2,3.1,15.6,N,N,N,0,0,N,Y,Y,N,경기도 구리시청,031-557-1010,2023-12-13
"경기도",구리시,동구릉로129번길,,경기도 구리시 인창동 452,31120-CW-00293,4,N,N,37.61124776,127.1355151,2,3,7.4,N,N,N,0,0,Y,Y,Y,N,경기도 구리시청,031-557-1010,2023-12-13
"경기도",구리시,동구릉로,,경기도 구리시 인창동 452,31120-CW-00294,4,N,N,37.61124776,127.1355151,1,3.1,5,N,N,N,0,0,Y,Y,Y,N,경기도 구리시청,031-557-1010,2023-12-13
"경기도",구리시,동구릉로148번길,,경기도 구리시 인창동 692,31120-CW-00295,1,N,N,37.6120779,127.1389501,3,4.1,8.7,N,N,N,0,0,N,Y,Y,N,경기도 구리시청,031-557-1010,2023-12-13
"경기도",구리시,동구릉로148번길,경기도 구리시 동구릉로148번길 15,경기도 구리시 인창동 691,31120-CW-00296,1,N,Y,37.61241362,127.1393647,1,3.3,15.2,N,N,N,0,0,N,Y,Y,N,경기도 구리시청,031-557-1010,2023-12-13
"경기도",구리시,동구릉로148번길,,경기도 구리시 인창동 692,31120-CW-00297,1,N,N,37.6120382,127.1389501,2,3.9,10.2,N,N,N,0,0,N,Y,Y,N,경기도 구리시청,031-557-1010,2023-12-13
"경기도",구리시,동구릉로148번길,,경기도 구리시 인창동 692,31120-CW-00298,1,N,N,37.61207885,127.1389501,2,3.5,6.7,N,N,N,0,0,N,N,N,N,경기도 구리시청,031-557-1010,2023-12-13
"경기도",구리시,동구릉로148번길,,경기도 구리시 인창동 692,31120-CW-00299,1,N,N,37.61207885,127.1389501,1,4.1,9.6,N,N,N,0,0,N,N,N,N,경기도 구리시청,031-557-1010,2023-12-13
"경기도",구리시,동구릉로148번길,,경기도 구리시 인창동 698,31120-CW-00300,1,N,N,37.61154238,127.1391401,2,3.9,14.2,N,N,N,0,0,N,Y,Y,N,경기도 구리시청,031-557-1010,2023-12-13
"경기도",구리시,동구릉로148번길,,경기도 구리시 인창동 700,31120-CW-00301,1,N,N,37.61171571,127.1396338,1,4.4,8.3,N,N,N,0,0,N,Y,Y,N,경기도 구리시청,031-557-1010,2023-12-13
"경기도",구리시,동구릉로148번길,,경기도 구리시 인창동 698,31120-CW-00302,1,N,N,37.61154238,127.1391401,1,4.1,11.3,N,N,N,0,0,N,Y,N,N,경기도 구리시청,031-557-1010,2023-12-13
"경기도",구리시,동구릉로136번길,,경기도 구리시 인창동 414-1,31120-CW-00303,1,N,N,37.6110219,127.1406553,5,4.1,13.3,Y,N,Y,20,100,N,Y,Y,Y,경기도 구리시청,031-557-1010,2023-12-13
"경기도",구리시,동구릉로136번길,,경기도 구리시 인창동 702,31120-CW-00304,1,N,N,37.61171512,127.1401204,2,4.1,6.3,N,N,N,0,0,N,Y,N,N,경기도 구리시청,031-557-1010,2023-12-13
"경기도",구리시,동구릉로136번길,,경기도 구리시 인창동 430,31120-CW-00305,1,N,N,37.61313887,127.1409183,4,3,13.5,Y,N,N,20,100,N,Y,Y,Y,경기도 구리시청,031-557-1010,2023-12-13
"경기도",구리시,동구릉로136번길,,경기도 구리시 인창동 430,31120-CW-00306,1,N,N,37.61313887,127.1409183,1,2.9,15.5,N,N,N,0,0,N,Y,N,N,경기도 구리시청,031-557-1010,2023-12-13
"경기도",구리시,동구릉로136번길,,경기도 구리시 인창동 127,31120-CW-00307,1,N,N,37.6159287,127.144483,7,4.3,30.1,N,N,N,0,0,N,Y,N,Y,경기도 구리시청,031-557-1010,2023-12-13
"경기도",구리시,동구릉로136번길,경기도 구리시 동구릉로136번길 90,경기도 구리시 인창동 127,31120-CW-00308,1,N,N,37.6159287,127.144483,5,6.1,19.8,N,N,N,0,0,N,Y,N,N,경기도 구리시청,031-557-1010,2023-12-13
"경기도",구리시,동구릉로136번길,,경기도 구리시 인창동 127,31120-CW-00309,1,N,N,37.6159287,127.144483,6,5.5,18.8,N,N,N,0,0,N,Y,N,N,경기도 구리시청,031-557-1010,2023-12-13
"경기도",구리시,동구릉로136번길,경기도 구리시 동구릉로136번길 90,경기도 구리시 인창동 127,31120-CW-00310,1,N,N,37.6159287,127.144483,2,4,12.8,N,N,N,0,0,N,N,N,N,경기도 구리시청,031-557-1010,2023-12-13
"경기도",구리시,동구릉로136번길,,경기도 구리시 인창동 127,31120-CW-00311,1,N,N,37.6159287,127.144483,1,3,20.8,N,N,N,0,0,N,Y,N,N,경기도 구리시청,031-557-1010,2023-12-13
"경기도",구리시,동구릉로136번길,경기도 구리시 동구릉로136번길 90,경기도 구리시 인창동 127,31120-CW-00312,1,N,N,37.6159287,127.144483,1,2,5.6,N,N,N,0,0,N,N,N,N,경기도 구리시청,031-557-1010,2023-12-13
"경기도",구리시,동구릉로136번길,,경기도 구리시 인창동 127,31120-CW-00313,1,N,N,37.6159287,127.144483,1,2.6,17.5,N,N,N,0,0,N,Y,N,N,경기도 구리시청,031-557-1010,2023-12-13
"경기도",구리시,동구릉로136번길,경기도 구리시 동구릉로136번길 90,경기도 구리시 인창동 127,31120-CW-00314,1,N,N,37.6159287,127.144483,2,5.1,15.1,N,N,N,0,0,N,N,N,N,경기도 구리시청,031-557-1010,2023-12-13
"경기도",구리시,동구릉로136번길,경기도 구리시 동구릉로136번길 90,경기도 구리시 인창동 127,31120-CW-00315,1,N,N,37.6159287,127.144483,4,4.1,22.1,N,N,N,0,0,N,Y,N,N,경기도 구리시청,031-557-1010,2023-12-13
"경기도",구리시,동구릉로136번길,경기도 구리시 동구릉로136번길 90,경기도 구리시 인창동 127,31120-CW-00316,1,N,N,37.6159287,127.144483,3,5.3,12.2,N,N,N,0,0,N,Y,N,Y,경기도 구리시청,031-557-1010,2023-12-13
"경기도",구리시,왕숙천로,,경기도 구리시 인창동 248-7,31120-CW-00317,1,N,N,37.60565028,127.1477659,3,5,14,N,N,N,0,0,N,Y,N,N,경기도 구리시청,031-557-1010,2023-12-13
"경기도",구리시,경춘로,,경기도 구리시 수택동 371-2,31120-CW-00318,1,N,N,37.60375929,127.1479359,2,6.5,11.4,N,N,N,0,0,N,Y,Y,N,경기도 구리시청,031-557-1010,2023-12-13
"경기도",구리시,왕숙천로,,경기도 구리시 수택동 545,31120-CW-00319,4,N,N,37.6016455,127.1489013,1,4.3,5.1,N,N,N,0,0,Y,Y,Y,N,경기도 구리시청,031-557-1010,2023-12-13
"경기도",구리시,왕숙천로,,경기도 구리시 수택동 528,31120-CW-00320,4,N,N,37.599689,127.1468742,1,3.3,5,N,N,N,0,0,Y,Y,Y,N,경기도 구리시청,031-557-1010,2023-12-13
"경기도",구리시,왕숙천로,,경기도 구리시 수택동 356-23,31120-CW-00321,1,N,N,37.59848537,127.1510463,3,4.1,11,Y,N,N,14,136,N,Y,Y,Y,경기도 구리시청,031-557-1010,2023-12-13
"경기도",구리시,수택천로,,경기도 구리시 수택동 산 1-10,31120-CW-00322,1,N,N,37.59878984,127.1508652,3,4.5,26,Y,N,N,26,124,N,Y,Y,Y,경기도 구리시청,031-557-1010,2023-12-13
"경기도",구리시,왕숙천로,,경기도 구리시 수택동 353,31120-CW-00323,1,N,N,37.59785396,127.1516272,2,6.2,10.9,Y,N,N,16,134,N,Y,Y,Y,경기도 구리시청,031-557-1010,2023-12-13
"경기도",구리시,벌말로,,경기도 구리시 수택동 322-32,31120-CW-00324,1,N,N,37.5966833,127.1516877,1,2.6,6.7,N,N,N,0,0,N,Y,N,N,경기도 구리시청,031-557-1010,2023-12-13
"경기도",구리시,벌말로,,경기도 구리시 수택동 879-2,31120-CW-00325,1,N,Y,37.59561216,127.1513879,1,3.5,5.3,N,N,N,0,0,N,Y,Y,N,경기도 구리시청,031-557-1010,2023-12-13
"경기도",구리시,벌말로,,경기도 구리시 수택동 879-2,31120-CW-00326,1,N,N,37.59561216,127.151315,1,2.3,5.7,N,N,N,0,0,N,Y,Y,N,경기도 구리시청,031-557-1010,2023-12-13
"경기도",구리시,수택천로35번길,,경기도 구리시 수택동 545-9,31120-CW-00327,1,N,N,37.59994311,127.1483346,3,3,26.5,Y,N,Y,20,60,N,Y,Y,Y,경기도 구리시청,031-557-1010,2023-12-13
"경기도",구리시,수택천로35번길,,경기도 구리시 수택동 545-9,31120-CW-00328,1,N,N,37.59994311,127.1483346,2,4.6,11,Y,N,Y,20,60,N,Y,Y,Y,경기도 구리시청,031-557-1010,2023-12-13
"경기도",구리시,수택천로,,경기도 구리시 수택동 514,31120-CW-00329,1,N,Y,37.59865956,127.145338,2,4,8,N,N,N,0,0,N,Y,Y,N,경기도 구리시청,031-557-1010,2023-12-13
"경기도",구리시,수택천로35번길,,경기도 구리시 수택동 549-3,31120-CW-00330,1,N,Y,37.59901879,127.149852,2,6.4,7.1,N,N,N,0,0,N,Y,Y,Y,경기도 구리시청,031-557-1010,2023-12-13
"경기도",구리시,수택천로,,경기도 구리시 수택동 514,31120-CW-00331,1,N,N,37.59865956,127.145338,2,4.8,9.8,Y,N,Y,17,131,N,Y,Y,Y,경기도 구리시청,031-557-1010,2023-12-13
"경기도",구리시,수택천로15번길,,경기도 구리시 수택동 523,31120-CW-00332,1,N,N,37.59950727,127.1427569,1,1.6,11,N,N,N,0,0,N,Y,Y,N,경기도 구리시청,031-557-1010,2023-12-13
"경기도",구리시,수택천로33번길,,경기도 구리시 수택동 519,31120-CW-00333,1,N,N,37.60030907,127.1453823,1,1.5,12.3,N,N,N,0,0,N,Y,Y,N,경기도 구리시청,031-557-1010,2023-12-13
"경기도",구리시,경춘로248번길,,경기도 구리시 수택동 530,31120-CW-00334,1,N,N,37.60062931,127.1454148,1,3,7,N,N,N,0,0,N,Y,Y,N,경기도 구리시청,031-557-1010,2023-12-13
"경기도",구리시,경춘로276번길,,경기도 구리시 수택동 543,31120-CW-00335,1,N,N,37.6003981,127.1467665,1,2.1,14,N,N,N,0,0,N,Y,N,Y,경기도 구리시청,031-557-1010,2023-12-13
"경기도",구리시,경춘로276번길,,경기도 구리시 수택동 360,31120-CW-00336,1,N,N,37.60191483,127.1436575,2,3,10.4,Y,N,Y,20,157,N,Y,Y,Y,경기도 구리시청,031-557-1010,2023-12-13
"경기도",구리시,경춘로244번길,,경기도 구리시 수택동 360,31120-CW-00337,1,N,Y,37.60191483,127.1436575,1,2.9,8.6,N,N,N,0,0,N,Y,Y,N,경기도 구리시청,031-557-1010,2023-12-13
"경기도",구리시,경춘로248번길,,경기도 구리시 수택동 360,31120-CW-00338,1,N,N,37.60191483,127.1436575,1,3,16.3,N,N,N,0,0,N,Y,Y,N,경기도 구리시청,031-557-1010,2023-12-13
"경기도",구리시,경춘로,,경기도 구리시 교문동 250-7,31120-CW-00339,1,N,N,37.60109846,127.1317501,1,3.9,9.1,N,N,N,0,0,N,Y,Y,N,경기도 구리시청,031-557-1010,2023-12-13
"경기도",구리시,경춘로,,경기도 구리시 교문동 249-1,31120-CW-00340,1,N,N,37.60127502,127.1325073,1,2.7,8.8,N,N,N,0,0,N,Y,Y,N,경기도 구리시청,031-557-1010,2023-12-13
"경기도",구리시,경춘로,,경기도 구리시 교문동 214,31120-CW-00341,3,N,N,37.6005965,127.1344965,2,8,7.5,Y,N,Y,32,39,N,Y,Y,Y,경기도 구리시청,031-557-1010,2023-12-13
"경기도",구리시,경춘로,,경기도 구리시 교문동 200-1,31120-CW-00342,3,N,N,37.60073499,127.1328428,2,8,8,Y,N,Y,32,39,N,Y,Y,Y,경기도 구리시청,031-557-1010,2023-12-13
"경기도",구리시,경춘로,,경기도 구리시 교문동 200-1,31120-CW-00343,3,N,N,37.6007925,127.1328428,2,8,8.7,Y,N,Y,32,39,N,Y,Y,Y,경기도 구리시청,031-557-1010,2023-12-13
"경기도",구리시,경춘로,,경기도 구리시 교문동 214,31120-CW-00344,1,N,N,37.60056011,127.1344965,1,3.1,15.6,N,N,N,0,0,N,Y,Y,N,경기도 구리시청,031-557-1010,2023-12-13
"경기도",구리시,경춘로175번길,,경기도 구리시 교문동 245-11,31120-CW-00345,1,N,N,37.60121884,127.1334315,1,3.1,10.7,N,N,N,0,0,N,Y,Y,N,경기도 구리시청,031-557-1010,2023-12-13
"경기도",구리시,경춘로,,경기도 구리시 교문동 230-4,31120-CW-00346,1,N,N,37.6006041,127.1353561,8,7.9,27.9,Y,N,Y,25,153,N,Y,Y,Y,경기도 구리시청,031-557-1010,2023-12-13
"경기도",구리시,경춘로,,경기도 구리시 인창동 609-2,31120-CW-00347,1,N,N,37.60063037,127.1361885,7,6.1,25.4,Y,N,Y,30,147,N,Y,Y,Y,경기도 구리시청,031-557-1010,2023-12-13
"경기도",구리시,체육관로,,경기도 구리시 수택동 360,31120-CW-00348,1,N,N,37.60191483,127.1436575,3,6,13.8,Y,N,Y,25,153,N,Y,Y,Y,경기도 구리시청,031-557-1010,2023-12-13
"경기도",구리시,응달말로,,경기도 구리시 인창동 608-4,31120-CW-00349,1,N,N,37.60089774,127.1358493,4,6,15.4,Y,N,Y,25,154,N,Y,Y,Y,경기도 구리시청,031-557-1010,2023-12-13
"경기도",구리시,경춘로,,경기도 구리시 수택동 360,31120-CW-00350,1,N,N,37.60191483,127.1436575,1,4.8,8.3,N,N,N,0,0,N,Y,Y,N,경기도 구리시청,031-557-1010,2023-12-13
"경기도",구리시,경춘로,,경기도 구리시 수택동 360,31120-CW-00351,1,N,N,37.60191483,127.1436575,1,5.1,8.6,N,N,N,0,0,N,Y,Y,N,경기도 구리시청,031-557-1010,2023-12-13
"경기도",구리시,경춘로,,경기도 구리시 인창동 282,31120-CW-00352,1,N,N,37.60056418,127.1375701,1,3.3,5.7,N,N,N,0,0,N,Y,Y,N,경기도 구리시청,031-557-1010,2023-12-13
"경기도",구리시,경춘로,,경기도 구리시 수택동 360,31120-CW-00353,3,N,N,37.60191483,127.1436575,2,8.1,6.7,Y,N,Y,34,35,N,Y,Y,Y,경기도 구리시청,031-557-1010,2023-12-13
"경기도",구리시,경춘로,,경기도 구리시 인창동 282,31120-CW-00354,3,N,N,37.60056418,127.1375701,2,8.3,8,Y,N,Y,34,35,N,Y,Y,Y,경기도 구리시청,031-557-1010,2023-12-13
"경기도",구리시,경춘로,,경기도 구리시 인창동 산 32-4,31120-CW-00355,3,N,N,37.6005725,127.1390082,2,8.1,7,Y,N,Y,34,35,N,Y,Y,Y,경기도 구리시청,031-557-1010,2023-12-13
"경기도",구리시,경춘로,,경기도 구리시 인창동 산 32-4,31120-CW-00356,1,N,N,37.60054806,127.1390082,1,3.5,5.6,N,N,N,0,0,N,Y,Y,N,경기도 구리시청,031-557-1010,2023-12-13
"경기도",구리시,경춘로,,경기도 구리시 인창동 281,31120-CW-00357,1,N,N,37.6006165,127.1399337,1,2.5,14.6,N,N,N,0,0,N,Y,Y,N,경기도 구리시청,031-557-1010,2023-12-13
"경기도",구리시,경춘로,,경기도 구리시 인창동 281-1,31120-CW-00358,1,N,N,37.60072486,127.1403673,8,8.3,27.2,Y,N,Y,33,147,N,Y,Y,Y,경기도 구리시청,031-557-1010,2023-12-13
"경기도",구리시,경춘로,,경기도 구리시 인창동 296-3,31120-CW-00359,1,N,N,37.6018798,127.1384376,1,4.3,12.5,N,N,N,0,0,N,Y,Y,N,경기도 구리시청,031-557-1010,2023-12-13
"경기도",구리시,경춘로,,경기도 구리시 수택동 360,31120-CW-00360,1,N,N,37.60191483,127.1436575,9,8.7,32.3,Y,N,Y,34,146,N,Y,Y,Y,경기도 구리시청,031-557-1010,2023-12-13
"경기도",구리시,경춘로,,경기도 구리시 수택동 446-1,31120-CW-00361,4,N,N,37.60121266,127.1416725,8,6.6,27.5,Y,N,Y,29,151,Y,Y,Y,Y,경기도 구리시청,031-557-1010,2023-12-13
"경기도",구리시,경춘로,,경기도 구리시 인창동 690-1,31120-CW-00362,4,N,N,37.6012866,127.141375,1,6.2,6.7,N,N,N,0,0,Y,Y,Y,N,경기도 구리시청,031-557-1010,2023-12-13
"경기도",구리시,건원대로,,경기도 구리시 인창동 690-1,31120-CW-00363,4,N,N,37.6012271,127.1413215,6,7.1,21.3,Y,N,Y,29,151,Y,Y,Y,Y,경기도 구리시청,031-557-1010,2023-12-13
"경기도",구리시,건원대로34번길,,경기도 구리시 인창동 681-3,31120-CW-00364,1,N,N,37.60252202,127.1431383,3,6.9,10.1,N,N,N,0,0,N,Y,Y,N,경기도 구리시청,031-557-1010,2023-12-13
"경기도",구리시,건원대로34번길,,경기도 구리시 인창동 681-3,31120-CW-00365,1,N,N,37.6025132,127.143185,3,4.1,10.5,N,N,N,0,0,N,Y,Y,N,경기도 구리시청,031-557-1010,2023-12-13
"경기도",구리시,건원대로34번길,,경기도 구리시 인창동 689,31120-CW-00366,1,N,N,37.603132,127.1440716,3,4,10.8,Y,N,Y,19,51,N,Y,Y,Y,경기도 구리시청,031-557-1010,2023-12-13
"경기도",구리시,건원대로34번길,,경기도 구리시 인창동 208-40,31120-CW-00367,1,N,N,37.60366745,127.1440162,1,4,5.7,N,N,N,0,0,N,Y,Y,Y,경기도 구리시청,031-557-1010,2023-12-13
"경기도",구리시,건원대로34번길,,경기도 구리시 인창동 681-1,31120-CW-00368,1,N,N,37.60690718,127.1416372,3,3.8,14.6,N,N,N,0,0,N,Y,Y,N,경기도 구리시청,031-557-1010,2023-12-13
"경기도",구리시,건원대로34번길,,경기도 구리시 인창동 686,31120-CW-00369,1,N,Y,37.60452555,127.1451771,1,3,3.5,N,N,N,0,0,N,Y,N,N,경기도 구리시청,031-557-1010,2023-12-13
"경기도",구리시,건원대로34번길,,경기도 구리시 인창동 208-40,31120-CW-00370,1,N,N,37.60366745,127.1440162,1,4,4.9,N,N,N,0,0,N,Y,Y,Y,경기도 구리시청,031-557-1010,2023-12-13
"경기도",구리시,건원대로34번길,,경기도 구리시 인창동 690-4,31120-CW-00371,1,N,N,37.6029871,127.145253,3,3.2,10.8,Y,N,Y,22,158,N,Y,Y,Y,경기도 구리시청,031-557-1010,2023-12-13
"경기도",구리시,건원대로34번길,,경기도 구리시 인창동 685,31120-CW-00372,1,N,N,37.60420294,127.1410219,4,6.4,14.8,Y,N,Y,25,124,N,Y,Y,Y,경기도 구리시청,031-557-1010,2023-12-13
"경기도",구리시,건원대로34번길,,경기도 구리시 인창동 682,31120-CW-00373,1,N,N,37.60678567,127.1455885,2,6,8.7,Y,N,Y,20,80,N,Y,Y,Y,경기도 구리시청,031-557-1010,2023-12-13
"경기도",구리시,건원대로34번길,,경기도 구리시 인창동 686,31120-CW-00374,1,N,N,37.60452555,127.1451771,1,3,8.5,N,N,N,0,0,N,Y,Y,N,경기도 구리시청,031-557-1010,2023-12-13
"경기도",구리시,건원대로34번길,,경기도 구리시 인창동 682,31120-CW-00375,1,N,N,37.60678567,127.1455885,2,4.5,9.2,N,N,N,0,0,N,N,Y,Y,경기도 구리시청,031-557-1010,2023-12-13
"경기도",구리시,건원대로34번길,,경기도 구리시 인창동 682,31120-CW-00376,1,N,N,37.60678567,127.1455885,2,4,9.1,N,N,N,0,0,N,Y,N,N,경기도 구리시청,031-557-1010,2023-12-13
"경기도",구리시,건원대로34번길,,경기도 구리시 인창동 682,31120-CW-00377,1,N,N,37.60678567,127.1455885,2,4.4,9.1,N,N,N,0,0,N,Y,N,N,경기도 구리시청,031-557-1010,2023-12-13
"경기도",구리시,건원대로34번길,,경기도 구리시 인창동 682,31120-CW-00378,1,N,N,37.60678567,127.1455885,1,2.6,8.9,N,N,N,0,0,N,Y,N,Y,경기도 구리시청,031-557-1010,2023-12-13
"경기도",구리시,건원대로34번길,,경기도 구리시 인창동 682,31120-CW-00379,1,N,N,37.60678567,127.1455885,2,6.2,9.5,Y,N,N,20,60,N,Y,Y,Y,경기도 구리시청,031-557-1010,2023-12-13
"경기도",구리시,건원대로34번길,,경기도 구리시 인창동 682,31120-CW-00380,1,N,N,37.60678567,127.1455885,2,5.9,9.2,Y,N,N,20,60,N,Y,Y,Y,경기도 구리시청,031-557-1010,2023-12-13
"경기도",구리시,건원대로34번길,,경기도 구리시 인창동 681-1,31120-CW-00381,2,N,N,37.60690718,127.1416372,2,3.6,20.6,Y,N,Y,20,80,N,Y,Y,Y,경기도 구리시청,031-557-1010,2023-12-13
"경기도",구리시,장미1길,,경기도 구리시 인창동 684,31120-CW-00382,1,N,N,37.60484865,127.1409666,2,3,8.2,N,N,N,0,0,N,Y,Y,N,경기도 구리시청,031-557-1010,2023-12-13
"경기도",구리시,장미1길,,경기도 구리시 인창동 684,31120-CW-00383,1,N,N,37.60484865,127.1409666,2,2,8.4,N,N,N,0,0,N,Y,Y,Y,경기도 구리시청,031-557-1010,2023-12-13
"경기도",구리시,장미1길,,경기도 구리시 인창동 684,31120-CW-00384,1,N,N,37.60484865,127.1409417,2,2.1,9.8,N,N,N,0,0,N,Y,Y,Y,경기도 구리시청,031-557-1010,2023-12-13
"경기도",구리시,장미1길,,경기도 구리시 인창동 681-1,31120-CW-00385,1,N,N,37.60690718,127.1416451,1,3.9,8.1,N,N,N,0,0,N,Y,N,N,경기도 구리시청,031-557-1010,2023-12-13
"경기도",구리시,장미1길,,경기도 구리시 인창동 681-1,31120-CW-00386,1,N,N,37.60690718,127.1416372,2,5.8,8,N,N,N,0,0,N,Y,Y,Y,경기도 구리시청,031-557-1010,2023-12-13
"경기도",구리시,장미1길,,경기도 구리시 인창동 681-1,31120-CW-00387,1,N,N,37.60690718,127.1416372,2,6,8,Y,N,Y,14,56,N,Y,Y,N,경기도 구리시청,031-557-1010,2023-12-13
"경기도",구리시,장미2길,,경기도 구리시 인창동 683,31120-CW-00388,1,N,N,37.60676681,127.1436314,2,5.7,8.5,Y,N,Y,14,56,N,Y,Y,Y,경기도 구리시청,031-557-1010,2023-12-13
"경기도",구리시,장미1길,,경기도 구리시 인창동 681-1,31120-CW-00389,1,N,N,37.60690718,127.1416372,2,6.5,8.1,Y,N,Y,14,56,N,Y,Y,Y,경기도 구리시청,031-557-1010,2023-12-13
"경기도",구리시,장미1길,,경기도 구리시 인창동 681-1,31120-CW-00390,1,N,Y,37.60690718,127.141687,2,4.3,8.1,Y,N,Y,13,22,N,Y,Y,Y,경기도 구리시청,031-557-1010,2023-12-13
"경기도",구리시,장미1길,,경기도 구리시 인창동 666-1,31120-CW-00391,1,N,Y,37.60694053,127.143298,1,2.8,6.3,N,N,N,0,0,N,Y,Y,N,경기도 구리시청,031-557-1010,2023-12-13
"경기도",구리시,장미1길,,경기도 구리시 인창동 681-1,31120-CW-00392,1,N,N,37.60690718,127.1416372,2,4.9,8.1,N,N,N,0,0,N,Y,Y,N,경기도 구리시청,031-557-1010,2023-12-13
"경기도",구리시,장미1길,,경기도 구리시 인창동 681-1,31120-CW-00393,1,N,N,37.60690718,127.1416372,2,8,8.1,Y,N,Y,14,76,N,Y,Y,Y,경기도 구리시청,031-557-1010,2023-12-13
"경기도",구리시,건원대로76번길,,경기도 구리시 인창동 681-1,31120-CW-00394,1,N,N,37.60690718,127.1416372,2,8.3,8.5,Y,N,Y,14,76,N,Y,Y,Y,경기도 구리시청,031-557-1010,2023-12-13
"경기도",구리시,건원대로76번길,,경기도 구리시 인창동 680,31120-CW-00395,1,N,N,37.60803783,127.1400905,4,8.2,14.5,Y,N,Y,14,76,N,Y,Y,Y,경기도 구리시청,031-557-1010,2023-12-13
"경기도",구리시,건원대로76번길,,경기도 구리시 인창동 682,31120-CW-00396,1,N,N,37.60678567,127.1455885,2,8,9.8,Y,N,Y,14,76,N,Y,Y,Y,경기도 구리시청,031-557-1010,2023-12-13
"경기도",구리시,건원대로76번길,,경기도 구리시 인창동 682,31120-CW-00397,1,N,N,37.60678567,127.1455885,2,6.1,9,N,N,N,0,0,N,Y,Y,Y,경기도 구리시청,031-557-1010,2023-12-13
"경기도",구리시,건원대로76번길,,경기도 구리시 인창동 682,31120-CW-00398,1,N,N,37.60678567,127.1455885,2,5.1,8.9,N,N,N,0,0,N,Y,Y,N,경기도 구리시청,031-557-1010,2023-12-13
"경기도",구리시,건원대로76번길,,경기도 구리시 인창동 682,31120-CW-00399,1,N,N,37.60678567,127.1455885,1,1.7,8.5,N,N,N,0,0,N,Y,Y,Y,경기도 구리시청,031-557-1010,2023-12-13
"경기도",구리시,건원대로76번길,,경기도 구리시 인창동 666-1,31120-CW-00400,1,N,N,37.60694053,127.1432024,1,3.2,8.3,N,N,N,0,0,N,Y,Y,N,경기도 구리시청,031-557-1010,2023-12-13
"경기도",구리시,건원대로76번길,,경기도 구리시 인창동 682,31120-CW-00401,2,N,N,37.60678567,127.1455885,2,2.7,14.7,N,N,N,0,0,N,Y,Y,N,경기도 구리시청,031-557-1010,2023-12-13
"경기도",구리시,건원대로76번길,,경기도 구리시 인창동 682,31120-CW-00402,2,N,N,37.60678567,127.1455885,2,2.5,15.5,N,N,N,0,0,N,Y,Y,N,경기도 구리시청,031-557-1010,2023-12-13
"경기도",구리시,건원대로76번길,,경기도 구리시 인창동 682,31120-CW-00403,1,N,N,37.60678567,127.1455885,2,5.1,9,N,N,N,0,0,N,Y,Y,N,경기도 구리시청,031-557-1010,2023-12-13
"경기도",구리시,장미2길,경기도 구리시 건원대로76번길 134,경기도 구리시 인창동 666-1,31120-CW-00404,1,N,N,37.6069325,127.143298,1,2.5,6.1,N,N,N,0,0,N,Y,Y,N,경기도 구리시청,031-557-1010,2023-12-13
"경기도",구리시,장미2길,,경기도 구리시 인창동 683,31120-CW-00405,1,N,N,37.60676681,127.1436314,2,4.2,5.9,N,N,N,0,0,N,Y,Y,Y,경기도 구리시청,031-557-1010,2023-12-13
"경기도",구리시,장미2길,,경기도 구리시 인창동 683,31120-CW-00406,1,N,N,37.60676681,127.1436314,1,3.5,6.9,N,N,N,0,0,N,Y,Y,Y,경기도 구리시청,031-557-1010,2023-12-13
"경기도",구리시,건원대로,,경기도 구리시 인창동 316-62,31120-CW-00407,1,N,N,37.60285412,127.1416261,1,1.6,12.2,N,N,N,0,0,N,Y,N,N,경기도 구리시청,031-557-1010,2023-12-13
"경기도",구리시,경춘로,,경기도 구리시 수택동 400-8,31120-CW-00408,3,N,N,37.60197242,127.1433602,2,8,9.7,Y,N,Y,39,32,N,Y,Y,Y,경기도 구리시청,031-557-1010,2023-12-13
"경기도",구리시,경춘로,,경기도 구리시 인창동 259-5,31120-CW-00409,3,N,N,37.6028791,127.1452925,3,6.5,10,Y,N,Y,39,32,N,Y,Y,Y,경기도 구리시청,031-557-1010,2023-12-13
"경기도",구리시,경춘로,,경기도 구리시 수택동 360,31120-CW-00410,3,N,N,37.60191483,127.1436575,6,6.5,20.5,Y,N,Y,39,32,N,Y,Y,Y,경기도 구리시청,031-557-1010,2023-12-13
"경기도",구리시,경춘로,,경기도 구리시 인창동 259-4,31120-CW-00411,1,N,N,37.60357993,127.1468548,1,3,6,N,N,N,0,0,N,Y,N,Y,경기도 구리시청,031-557-1010,2023-12-13
"경기도",구리시,건원대로,,경기도 구리시 인창동 679-7,31120-CW-00412,1,N,N,37.60696676,127.1392173,7,7.9,27.5,Y,N,Y,31,117,N,Y,N,Y,경기도 구리시청,031-557-1010,2023-12-13
"경기도",구리시,건원대로,,경기도 구리시 인창동 679-7,31120-CW-00413,1,N,N,37.60696676,127.1392173,7,6,27.4,Y,N,Y,30,120,N,Y,Y,Y,경기도 구리시청,031-557-1010,2023-12-13
"경기도",구리시,건원대로,,경기도 구리시 인창동 679-7,31120-CW-00414,1,N,N,37.60696676,127.1392173,1,2.1,7.1,N,N,N,0,0,N,Y,Y,N,경기도 구리시청,031-557-1010,2023-12-13
"경기도",구리시,건원대로,,경기도 구리시 인창동 679-7,31120-CW-00415,1,N,N,37.60696676,127.1392173,1,3,6,N,N,N,0,0,N,Y,N,N,경기도 구리시청,031-557-1010,2023-12-13
"경기도",구리시,건원대로,,경기도 구리시 인창동 679-7,31120-CW-00416,1,N,N,37.60696676,127.1392173,1,3.8,7.9,N,N,N,0,0,N,Y,Y,N,경기도 구리시청,031-557-1010,2023-12-13
"경기도",구리시,건원대로99번길,,경기도 구리시 인창동 320-1,31120-CW-00417,1,N,N,37.60547216,127.1390483,1,1.4,10.5,N,N,N,0,0,N,Y,N,N,경기도 구리시청,031-557-1010,2023-12-13
"경기도",구리시,건원대로,,경기도 구리시 인창동 679-7,31120-CW-00418,1,N,N,37.60696676,127.1392173,6,8.6,21.6,Y,N,Y,28,122,N,Y,Y,Y,경기도 구리시청,031-557-1010,2023-12-13
"경기도",구리시,건원대로99번길,,경기도 구리시 인창동 679-7,31120-CW-00419,1,N,N,37.60696676,127.1392173,1,4,5.6,N,N,N,0,0,N,Y,Y,N,경기도 구리시청,031-557-1010,2023-12-13
"경기도",구리시,건원대로,,경기도 구리시 인창동 679-7,31120-CW-00420,1,N,N,37.60696676,127.1392173,1,3.7,5.8,N,N,N,0,0,N,Y,Y,N,경기도 구리시청,031-557-1010,2023-12-13
"경기도",구리시,건원대로,,경기도 구리시 인창동 679-7,31120-CW-00421,1,N,N,37.60696676,127.1392173,6,5.9,25.5,Y,N,Y,28,124,N,Y,Y,Y,경기도 구리시청,031-557-1010,2023-12-13
"경기도",구리시,건원대로,,경기도 구리시 인창동 679-7,31120-CW-00422,1,N,N,37.60696676,127.1392173,6,6.5,21.4,Y,N,Y,28,124,N,Y,Y,Y,경기도 구리시청,031-557-1010,2023-12-13
"경기도",구리시,건원대로,,경기도 구리시 인창동 679-7,31120-CW-00423,1,N,N,37.60696676,127.1392173,6,8.5,21.9,Y,N,N,28,122,N,Y,Y,Y,경기도 구리시청,031-557-1010,2023-12-13
"경기도",구리시,건원대로76번길,,경기도 구리시 인창동 681-1,31120-CW-00424,1,N,N,37.60690718,127.1416372,2,2.1,7.8,Y,N,Y,13,76,N,Y,Y,Y,경기도 구리시청,031-557-1010,2023-12-13
"경기도",구리시,건원대로76번길,,경기도 구리시 인창동 681-1,31120-CW-00425,1,N,Y,37.60690718,127.1416372,2,4.5,7.5,Y,N,Y,13,78,N,Y,Y,Y,경기도 구리시청,031-557-1010,2023-12-13
"경기도",구리시,건원대로76번길,,경기도 구리시 인창동 681-1,31120-CW-00426,1,N,N,37.60690718,127.1416372,2,6,7.9,N,N,N,0,0,N,Y,Y,Y,경기도 구리시청,031-557-1010,2023-12-13
"경기도",구리시,건원대로76번길,,경기도 구리시 인창동 681-1,31120-CW-00427,1,N,N,37.60690718,127.1416372,1,3.1,8.5,N,N,N,0,0,N,Y,Y,N,경기도 구리시청,031-557-1010,2023-12-13
"경기도",구리시,동구릉로,,경기도 구리시 인창동 430,31120-CW-00428,1,N,Y,37.61313887,127.1409183,3,3.8,16.5,N,N,N,0,0,N,Y,N,N,경기도 구리시청,031-557-1010,2023-12-13
"경기도",구리시,동구릉로,경기도 구리시 동구릉로136번길 57,경기도 구리시 인창동 430,31120-CW-00429,1,N,N,37.61313887,127.1409183,3,4.2,14.1,N,N,N,0,0,N,Y,Y,N,경기도 구리시청,031-557-1010,2023-12-13
"경기도",구리시,동구릉로,경기도 구리시 동구릉로136번길 57,경기도 구리시 인창동 430,31120-CW-00430,1,N,N,37.61313887,127.1409183,1,4.7,6.8,N,N,N,0,0,N,Y,Y,N,경기도 구리시청,031-557-1010,2023-12-13
"경기도",구리시,동구릉로,경기도 구리시 동구릉로136번길 57,경기도 구리시 인창동 430,31120-CW-00431,1,N,N,37.61313887,127.1409183,3,4.3,15.8,N,N,N,0,0,N,Y,Y,N,경기도 구리시청,031-557-1010,2023-12-13
"경기도",구리시,동구릉로,경기도 구리시 동구릉로136번길 57,경기도 구리시 인창동 430,31120-CW-00432,1,N,N,37.61313887,127.1409183,4,4,13,N,N,N,0,0,N,Y,Y,N,경기도 구리시청,031-557-1010,2023-12-13
"경기도",구리시,동구릉로,경기도 구리시 동구릉로136번길 57,경기도 구리시 인창동 430,31120-CW-00433,1,N,N,37.61313887,127.1409183,1,4.2,10.4,N,N,N,0,0,N,Y,Y,N,경기도 구리시청,031-557-1010,2023-12-13
"경기도",구리시,동구릉로,경기도 구리시 동구릉로136번길 57,경기도 구리시 인창동 430,31120-CW-00434,1,N,N,37.61313887,127.1409293,4,4.2,16.4,N,N,N,0,0,N,Y,Y,N,경기도 구리시청,031-557-1010,2023-12-13
"경기도",구리시,동구릉로,,경기도 구리시 인창동 408-3,31120-CW-00435,1,N,N,37.61216368,127.1378963,8,8.6,33.9,Y,N,Y,38,142,N,Y,Y,Y,경기도 구리시청,031-557-1010,2023-12-13
"경기도",구리시,동구릉로159번길,,경기도 구리시 인창동 446-6,31120-CW-00436,1,N,N,37.613015,127.1375258,1,3.1,6.5,N,N,N,0,0,N,Y,Y,N,경기도 구리시청,031-557-1010,2023-12-13
"경기도",구리시,동구릉로,,경기도 구리시 인창동 90-5,31120-CW-00437,1,N,N,37.6130528,127.1381736,1,2.9,6.8,N,N,N,0,0,N,Y,Y,N,경기도 구리시청,031-557-1010,2023-12-13
"경기도",구리시,동구릉로,,경기도 구리시 인창동 408-3,31120-CW-00438,1,N,N,37.61216368,127.1378963,1,3.6,7.3,N,N,N,0,0,N,Y,Y,Y,경기도 구리시청,031-557-1010,2023-12-13
"경기도",구리시,동구릉로,,경기도 구리시 인창동 98-4,31120-CW-00439,4,N,N,37.61533709,127.1414643,2,3.4,14,Y,N,N,23,37,Y,Y,Y,Y,경기도 구리시청,031-557-1010,2023-12-13
"경기도",구리시,동구릉로,,경기도 구리시 인창동 98-4,31120-CW-00440,4,N,N,37.61533709,127.1414643,1,5.9,4.8,N,N,N,0,0,Y,Y,Y,Y,경기도 구리시청,031-557-1010,2023-12-13
"경기도",구리시,동구릉로,,경기도 구리시 인창동 94-1,31120-CW-00441,1,N,N,37.61605596,127.137827,7,11.6,26.6,Y,N,N,29,149,N,Y,Y,Y,경기도 구리시청,031-557-1010,2023-12-13
"경기도",구리시,동구릉로,,경기도 구리시 인창동 68-1,31120-CW-00442,4,N,N,37.61639582,127.1377653,3,5.1,14.7,N,N,N,0,0,Y,Y,Y,N,경기도 구리시청,031-557-1010,2023-12-13
"경기도",구리시,동구릉로,,경기도 구리시 인창동 68-1,31120-CW-00443,4,N,N,37.61639582,127.1377653,1,4.1,4.7,N,N,N,0,0,Y,Y,Y,N,경기도 구리시청,031-557-1010,2023-12-13
"경기도",구리시,동구릉로200번길,,경기도 구리시 인창동 31-21,31120-CW-00444,1,N,N,37.61674445,127.1385838,2,4,12.4,N,N,N,0,0,N,Y,Y,N,경기도 구리시청,031-557-1010,2023-12-13
"경기도",구리시,동구릉로200번길,,경기도 구리시 인창동 30-85,31120-CW-00445,4,N,N,37.6179023,127.1402033,1,3.3,6,N,N,N,0,0,Y,Y,Y,N,경기도 구리시청,031-557-1010,2023-12-13
"경기도",구리시,동구릉로200번길,,경기도 구리시 인창동 30-57,31120-CW-00446,4,N,N,37.6177924,127.1406941,1,3.1,6.4,N,N,N,0,0,Y,Y,Y,Y,경기도 구리시청,031-557-1010,2023-12-13
"경기도",구리시,동구릉로200번길,,경기도 구리시 인창동 30-85,31120-CW-00447,4,N,N,37.6179023,127.1402033,1,3,5.1,N,N,N,0,0,Y,Y,Y,N,경기도 구리시청,031-557-1010,2023-12-13
"경기도",구리시,동구릉로200번길,,경기도 구리시 인창동 32-9,31120-CW-00448,1,N,N,37.61835039,127.1390179,2,3,6.1,N,N,N,0,0,N,Y,Y,N,경기도 구리시청,031-557-1010,2023-12-13
"경기도",구리시,동구릉로,,경기도 구리시 인창동 32-9,31120-CW-00449,1,N,N,37.61835039,127.1390179,2,3.1,16.5,N,N,N,0,0,N,Y,Y,N,경기도 구리시청,031-557-1010,2023-12-13
"경기도",구리시,동구릉로215번길,,경기도 구리시 인창동 51-1,31120-CW-00450,1,N,N,37.61840804,127.1388606,1,2.6,10.4,N,N,N,0,0,N,Y,Y,N,경기도 구리시청,031-557-1010,2023-12-13
"경기도",구리시,동구릉로,,경기도 구리시 인창동 32-9,31120-CW-00451,1,N,N,37.61835039,127.1390179,6,9.6,22.3,Y,N,N,28,152,N,Y,Y,Y,경기도 구리시청,031-557-1010,2023-12-13
"경기도",구리시,동구릉로,,경기도 구리시 인창동 56-39,31120-CW-00452,1,N,N,37.61819066,127.1386264,1,2,9.3,N,N,N,0,0,N,Y,Y,N,경기도 구리시청,031-557-1010,2023-12-13
"경기도",구리시,동구릉로,,경기도 구리시 인창동 39-3,31120-CW-00453,1,N,N,37.61926865,127.1399081,7,8,25.4,Y,N,N,30,150,N,Y,Y,Y,경기도 구리시청,031-557-1010,2023-12-13
"경기도",구리시,동구릉로238번길,,경기도 구리시 인창동 39-7,31120-CW-00454,1,N,N,37.6192614,127.1401665,1,3.4,13.2,N,N,N,0,0,N,Y,Y,Y,경기도 구리시청,031-557-1010,2023-12-13
"경기도",구리시,동구릉로,,경기도 구리시 인창동 39-7,31120-CW-00455,4,N,N,37.61922437,127.1401665,3,3.2,10.9,Y,N,N,22,158,Y,Y,Y,Y,경기도 구리시청,031-557-1010,2023-12-13
"경기도",구리시,동구릉로238번길,,경기도 구리시 인창동 26-11,31120-CW-00456,1,N,N,37.61932809,127.1413097,3,4.3,10.3,Y,N,N,20,70,N,Y,Y,Y,경기도 구리시청,031-557-1010,2023-12-13
"경기도",구리시,동구릉로238번길,,경기도 구리시 인창동 25-1,31120-CW-00457,1,N,Y,37.61946633,127.1419100393,3,4,10.5,Y,N,N,16,74,N,Y,Y,Y,경기도 구리시청,031-557-1010,2023-12-13
"경기도",구리시,동구릉로200번길,,경기도 구리시 인창동 30-7,31120-CW-00458,1,N,N,37.61818365,127.1410722,2,4,7.9,N,N,N,0,0,N,Y,Y,Y,경기도 구리시청,031-557-1010,2023-12-13
"경기도",구리시,동구릉로200번길,,경기도 구리시 인창동 30-7,31120-CW-00459,1,N,N,37.61818365,127.1410722,2,4.3,7.5,N,N,N,0,0,N,Y,Y,Y,경기도 구리시청,031-557-1010,2023-12-13
"경기도",구리시,동구릉로,,경기도 구리시 인창동 14-44,31120-CW-00460,1,N,N,37.61999923,127.1404101,1,2,9.1,N,N,N,0,0,N,Y,Y,N,경기도 구리시청,031-557-1010,2023-12-13
"경기도",구리시,동구릉로,,경기도 구리시 인창동 8-5,31120-CW-00461,1,N,N,37.62279199,127.1405303,1,2.6,6.7,N,N,N,0,0,N,Y,Y,N,경기도 구리시청,031-557-1010,2023-12-13
"경기도",구리시,동구릉로,,경기도 구리시 인창동 22-79,31120-CW-00462,1,N,N,37.62169658,127.1412984,1,2.1,9.5,N,N,N,0,0,N,Y,Y,N,경기도 구리시청,031-557-1010,2023-12-13
"경기도",구리시,동구릉로,,경기도 구리시 인창동 8-3,31120-CW-00463,1,N,N,37.62308898,127.1404883,1,3.2,6.8,N,N,N,0,0,N,Y,Y,N,경기도 구리시청,031-557-1010,2023-12-13
"경기도",구리시,동구릉로,,경기도 구리시 인창동 10-3,31120-CW-00464,1,N,N,37.62271528,127.1407042,6,8.1,24.7,Y,N,Y,28,152,N,Y,Y,Y,경기도 구리시청,031-557-1010,2023-12-13
"경기도",구리시,동구릉로,,경기도 구리시 인창동 8-5,31120-CW-00465,1,N,N,37.62279199,127.1405303,1,3.1,13.3,N,N,N,0,0,N,Y,Y,N,경기도 구리시청,031-557-1010,2023-12-13
"경기도",구리시,동구릉로,경기도 구리시 동구릉로 357,경기도 구리시 사노동 182-3,31120-CW-00466,4,Y,N,37.62975473,127.1406566,1,4.2,4.7,N,N,N,0,0,Y,Y,Y,N,경기도 구리시청,031-557-1010,2023-12-13
"경기도",구리시,동구릉로,,경기도 구리시 사노동 181-9,31120-CW-00467,4,N,N,37.63023143,127.1410639,7,6.3,25.9,Y,N,Y,30,150,Y,Y,Y,Y,경기도 구리시청,031-557-1010,2023-12-13
"경기도",구리시,동구릉로,,경기도 구리시 사노동 182-4,31120-CW-00468,4,N,N,37.6305102,127.1410529,7,6.2,25.8,Y,N,Y,30,150,Y,Y,Y,Y,경기도 구리시청,031-557-1010,2023-12-13
"경기도",구리시,동구릉로,,경기도 구리시 사노동 181-19,31120-CW-00469,4,N,N,37.62981157,127.1413436,1,6.1,7.1,N,N,N,0,0,Y,Y,Y,N,경기도 구리시청,031-557-1010,2023-12-13
"경기도",구리시,산마루로,,경기도 구리시 사노동 181-19,31120-CW-00470,4,N,N,37.62981157,127.1413436,1,6,6.2,N,N,N,0,0,Y,Y,Y,N,경기도 구리시청,031-557-1010,2023-12-13
"경기도",구리시,산마루로,,경기도 구리시 사노동 181-16,31120-CW-00471,4,N,N,37.63000325,127.1412253,5,6.2,18.3,Y,N,Y,25,155,Y,Y,Y,Y,경기도 구리시청,031-557-1010,2023-12-13
"경기도",구리시,산마루로,,경기도 구리시 사노동 182-4,31120-CW-00472,4,Y,N,37.6305102,127.1410294,4,6.3,16.1,Y,N,Y,25,155,Y,Y,Y,Y,경기도 구리시청,031-557-1010,2023-12-13
"경기도",구리시,산마루로,,경기도 구리시 사노동 182-4,31120-CW-00473,4,Y,N,37.6305102,127.1410294,1,4.1,7.3,N,N,N,0,0,Y,Y,Y,N,경기도 구리시청,031-557-1010,2023-12-13
"경기도",구리시,동구릉로,,경기도 구리시 사노동 182-4,31120-CW-00474,1,N,N,37.6305102,127.1410294,1,2,5.9,N,N,N,0,0,N,Y,Y,N,경기도 구리시청,031-557-1010,2023-12-13
"경기도",구리시,동구릉로,,경기도 구리시 사노동 182-4,31120-CW-00475,1,N,N,37.6305102,127.1410294,1,3.1,5.2,N,N,N,0,0,N,Y,Y,N,경기도 구리시청,031-557-1010,2023-12-13
"경기도",구리시,동구릉로389번길,,경기도 구리시 사노동 209-30,31120-CW-00476,1,N,N,37.63263736,127.1418676,1,2.6,9.7,N,N,N,0,0,N,Y,Y,N,경기도 구리시청,031-557-1010,2023-12-13
"경기도",구리시,동구릉로390번길,,경기도 구리시 사노동 250-4,31120-CW-00477,1,N,N,37.63296669,127.1403546,1,2.2,11.5,N,N,N,0,0,N,Y,Y,N,경기도 구리시청,031-557-1010,2023-12-13
"경기도",구리시,왕숙천로,,경기도 구리시 사노동 140-15,31120-CW-00478,1,N,N,37.6305028,127.144363,2,4.1,7.9,N,N,N,0,0,N,N,N,N,경기도 구리시청,031-557-1010,2023-12-13
"경기도",구리시,왕숙천로,,경기도 구리시 사노동 141-33,31120-CW-00479,1,N,N,37.62920768,127.1433519,2,6.2,11.8,Y,N,Y,18,100,N,Y,Y,Y,경기도 구리시청,031-557-1010,2023-12-13
"경기도",구리시,산마루로,,경기도 구리시 사노동 141-33,31120-CW-00480,1,N,N,37.62920768,127.1433738,6,6,20.7,Y,N,Y,18,100,N,Y,Y,Y,경기도 구리시청,031-557-1010,2023-12-13
"경기도",구리시,산마루로,,경기도 구리시 사노동 140-26,31120-CW-00481,1,N,N,37.6292775,127.1436739,4,6.1,14,Y,N,Y,18,100,N,Y,N,Y,경기도 구리시청,031-557-1010,2023-12-13
"경기도",구리시,왕숙천로,,경기도 구리시 사노동 130-8,31120-CW-00482,1,N,N,37.63269969,127.1468423,2,4,8,N,N,N,0,0,N,Y,N,N,경기도 구리시청,031-557-1010,2023-12-13
"경기도",구리시,왕숙천로,,경기도 구리시 사노동 38-7,31120-CW-00483,1,N,N,37.63686569,127.1483545,2,4.2,11.4,N,N,N,0,0,N,Y,N,Y,경기도 구리시청,031-557-1010,2023-12-13
"경기도",구리시,왕숙천로,,경기도 구리시 사노동 38-7,31120-CW-00484,1,N,N,37.63686569,127.1483006,2,4.1,11,N,N,N,0,0,N,N,N,N,경기도 구리시청,031-557-1010,2023-12-13
"경기도",구리시,왕숙천로,,경기도 구리시 사노동 38-7,31120-CW-00485,1,N,N,37.63686569,127.1483545,2,4.1,11.1,N,N,N,0,0,N,Y,N,N,경기도 구리시청,031-557-1010,2023-12-13
"경기도",구리시,동구릉로,,경기도 구리시 사노동 457-14,31120-CW-00486,1,N,N,37.64522672,127.1409455,1,2.1,7.2,N,N,N,0,0,N,Y,Y,N,경기도 구리시청,031-557-1010,2023-12-13
"경기도",구리시,동구릉로,,경기도 구리시 사노동 457-4,31120-CW-00487,1,N,N,37.64506394,127.1407747,6,8.3,24.7,Y,N,Y,28,132,N,Y,Y,Y,경기도 구리시청,031-557-1010,2023-12-13
"경기도",구리시,동구릉로,,경기도 구리시 사노동 420-1,31120-CW-00488,1,N,N,37.64179372,127.1393774,2,2.2,9.3,N,N,N,0,0,N,Y,Y,N,경기도 구리시청,031-557-1010,2023-12-13
"경기도",구리시,동구릉로,,경기도 구리시 사노동 423-9,31120-CW-00489,1,N,N,37.64296324,127.1409716,2,2.1,8.2,N,N,N,0,0,N,Y,Y,N,경기도 구리시청,031-557-1010,2023-12-13
"경기도",구리시,동구릉로,,경기도 구리시 사노동 423-9,31120-CW-00490,1,N,N,37.64296324,127.1409716,2,2,10.4,N,N,N,0,0,N,Y,Y,N,경기도 구리시청,031-557-1010,2023-12-13
"경기도",구리시,동구릉로,,경기도 구리시 사노동 423-4,31120-CW-00491,1,N,N,37.64234283,127.1404376,6,8,25.1,Y,N,Y,28,132,N,Y,Y,Y,경기도 구리시청,031-557-1010,2023-12-13
"경기도",구리시,동구릉로,,경기도 구리시 사노동 420-1,31120-CW-00492,1,N,N,37.64179372,127.1393774,1,3.1,5.9,N,N,N,0,0,N,Y,Y,N,경기도 구리시청,031-557-1010,2023-12-13
