시도명,시군구명,도로명,소재지도로명주소,소재지지번주소,횡단보도관리번호,횡단보도종류,자전거횡단도겸용여부,고원식적용여부,위도,경도,차로수,횡단보도폭,횡단보도연장,보행자신호등유무,보행자작동신호기유무,음향신호기설치여부,녹색신호시간,적색신호시간,교통섬유무,보도턱낮춤여부,점자블록유무,집중조명시설유무,관리기관명,관리기관전화번호,데이터기준일자
경기도,이천시,경충대로,,경기도 이천시 신둔면 수광리 439-9,1,1,N,N,37.3135534,127.3975175,7,8,24.8,Y,N,N,25,,N,Y,Y,Y,경기도 이천시청,031-644-2443,2025-02-25
경기도,이천시,경충대로,경기도 이천시 신둔면 경충대로 3122-20,경기도 이천시 신둔면 수광리 716,2,1,N,N,37.30620895,127.4034327,5,8,17.2,Y,N,N,20,,N,Y,N,Y,경기도 이천시청,031-644-2443,2025-02-25
경기도,이천시,경충대로,경기도 이천시 신둔면 경충대로 3122-20,경기도 이천시 신둔면 수광리 716,3,1,N,N,37.30620895,127.4034327,6,8,20.2,Y,N,N,20,,N,Y,N,Y,경기도 이천시청,031-644-2443,2025-02-25
경기도,이천시,경충대로,,경기도 이천시 신둔면 수광리 124-4,4,1,N,N,37.30366847,127.4056318,5,8,18.8,Y,N,N,20,,Y,Y,Y,Y,경기도 이천시청,031-644-2443,2025-02-25
경기도,이천시,경충대로,,경기도 이천시 사음동 710,5,1,Y,N,37.30021196,127.4077116,7,6,22.6,Y,Y,N,25,,Y,Y,Y,Y,경기도 이천시청,031-644-2443,2025-02-25
경기도,이천시,경충대로,,경기도 이천시 사음동 573-6,6,1,N,N,37.2990158,127.4084272,7,6,23.2,Y,Y,N,25,,N,Y,Y,Y,경기도 이천시청,031-644-2443,2025-02-25
경기도,이천시,경충대로,,경기도 이천시 사음동 546,7,1,Y,N,37.29601878,127.4118981,6,6,19.6,Y,Y,N,20,,N,Y,N,Y,경기도 이천시청,031-644-2443,2025-02-25
경기도,이천시,경충대로,,경기도 이천시 사음동 192-5,8,1,N,N,37.29432229,127.4185691,6,8,19.4,Y,Y,N,20,,N,Y,Y,Y,경기도 이천시청,031-644-2443,2025-02-25
경기도,이천시,경충대로,,경기도 이천시 사음동 169-1,9,1,N,N,37.29410445,127.4199376,8,8,19.2,Y,Y,N,20,,N,Y,Y,Y,경기도 이천시청,031-644-2443,2025-02-25
경기도,이천시,경충대로,,경기도 이천시 관고동 218-10,10,1,N,N,37.28173655,127.4325212,6,8,20.8,Y,Y,N,23,,N,Y,Y,Y,경기도 이천시청,031-644-2443,2025-02-25
경기도,이천시,경충대로,,경기도 이천시 관고동 산52-7,11,1,Y,N,37.28032737,127.4334374,6,8,22.8,Y,Y,N,25,,N,Y,N,Y,경기도 이천시청,031-644-2443,2025-02-25
경기도,이천시,경충대로,,경기도 이천시 관고동 509,12,4,Y,N,37.27757881,127.4355522,6,6,22.2,Y,Y,N,25,,Y,Y,Y,Y,경기도 이천시청,031-644-2443,2025-02-25
경기도,이천시,경충대로,,경기도 이천시 중리동 315,13,4,Y,N,37.27629235,127.4369371,7,8,23.6,Y,Y,N,25,,Y,Y,Y,Y,경기도 이천시청,031-644-2443,2025-02-25
경기도,이천시,경충대로,,경기도 이천시 중리동 117-6,14,4,Y,N,37.27463819,127.4466311,6,8,22.6,Y,N,N,25,,Y,Y,Y,Y,경기도 이천시청,031-644-2443,2025-02-25
경기도,이천시,경충대로,,경기도 이천시 중리동 36-9,15,4,Y,N,37.27460794,127.4475526,6,8,22.6,Y,N,N,25,,Y,Y,Y,Y,경기도 이천시청,031-644-2443,2025-02-25
경기도,이천시,경충대로,,경기도 이천시 진리동 8,16,4,Y,N,37.27413594,127.4508889,6,6,19.6,Y,N,N,20,,Y,Y,Y,Y,경기도 이천시청,031-644-2443,2025-02-25
경기도,이천시,경충대로,,경기도 이천시 진리동 430-1,17,4,Y,N,37.2733174,127.4533535,6,6,19.2,Y,N,N,20,,Y,Y,Y,Y,경기도 이천시청,031-644-2443,2025-02-25
경기도,이천시,경충대로,,경기도 이천시 진리동 430-1,18,4,Y,N,37.2733174,127.4533535,5,4,18,Y,N,N,20,,Y,Y,Y,Y,경기도 이천시청,031-644-2443,2025-02-25
경기도,이천시,경충대로,,경기도 이천시 부발읍 신하리 88-2,19,4,Y,N,37.26640287,127.4622077,5,4,19.2,Y,N,N,20,,Y,Y,Y,N,경기도 이천시청,031-644-2443,2025-02-25
경기도,이천시,경충대로,,경기도 이천시 부발읍 신하리 614-8,20,1,N,N,37.26332896,127.4718198,6,6,20.2,Y,N,N,23,,N,Y,N,Y,경기도 이천시청,031-644-2443,2025-02-25
경기도,이천시,경충대로,,경기도 이천시 부발읍 신하리 210-3,21,1,N,N,37.26184895,127.4743992,6,8,19.2,Y,N,N,20,,N,Y,Y,Y,경기도 이천시청,031-644-2443,2025-02-25
경기도,이천시,경충대로,,경기도 이천시 부발읍 신하리 210-3,22,1,N,N,37.26184895,127.4743992,4,8,17,Y,N,N,20,,N,Y,N,Y,경기도 이천시청,031-644-2443,2025-02-25
경기도,이천시,경충대로,,경기도 이천시 부발읍 신하리 489-3,23,1,N,N,37.25956323,127.4789059,5,8,18,Y,N,N,20,,N,Y,Y,Y,경기도 이천시청,031-644-2443,2025-02-25
경기도,이천시,경충대로,,경기도 이천시 부발읍 신하리 488-1,24,4,N,N,37.25886738,127.4810993,6,6,22.8,Y,N,N,25,,Y,Y,Y,Y,경기도 이천시청,031-644-2443,2025-02-25
경기도,이천시,경충대로,,경기도 이천시 부발읍 신하리 488-1,25,1,N,N,37.25886738,127.4810993,7,6,24.4,Y,N,N,25,,N,Y,Y,Y,경기도 이천시청,031-644-2443,2025-02-25
경기도,이천시,경충대로,,경기도 이천시 부발읍 신하리 555-3,26,1,N,N,37.25731545,127.4849339,6,8,26,Y,N,N,27,,N,Y,Y,Y,경기도 이천시청,031-644-2443,2025-02-25
경기도,이천시,경충대로,경기도 이천시 부발읍 경충대로 2091,경기도 이천시 부발읍 아미리 712-7,27,1,N,N,37.25054852,127.4826517,7,6,22,Y,N,N,23,,N,Y,Y,Y,경기도 이천시청,031-644-2443,2025-02-25
경기도,이천시,경충대로,,경기도 이천시 부발읍 아미리 1066,28,4,N,N,37.24911407,127.4911813,6,8,21.8,Y,N,N,23,,Y,Y,Y,Y,경기도 이천시청,031-644-2443,2025-02-25
경기도,이천시,경충대로,,경기도 이천시 부발읍 아미리 700-6,29,1,N,N,37.24823966,127.4912326,6,8,21.8,Y,N,N,23,,N,Y,Y,Y,경기도 이천시청,031-644-2443,2025-02-25
경기도,이천시,경충대로,,경기도 이천시 부발읍 가산리 769,30,1,N,N,37.24217769,127.5010691,7,8,25.2,Y,N,N,25,,N,Y,Y,Y,경기도 이천시청,031-644-2443,2025-02-25
경기도,이천시,경충대로,,경기도 이천시 부발읍 가산리 769,31,1,N,N,37.24217769,127.5010691,7,6,24,Y,N,N,25,,N,Y,Y,Y,경기도 이천시청,031-644-2443,2025-02-25
경기도,이천시,경충대로,,경기도 이천시 부발읍 가산리 484-1,32,1,N,N,37.24122501,127.5062917,7,8,22,Y,N,N,25,,N,Y,N,Y,경기도 이천시청,031-644-2443,2025-02-25
경기도,이천시,경충대로,,경기도 이천시 부발읍 응암리 546,33,1,N,N,37.23936689,127.512449,5,6,20,Y,N,N,23,,N,N,N,Y,경기도 이천시청,031-644-2443,2025-02-25
경기도,이천시,경충대로,,경기도 이천시 부발읍 응암리 538,34,1,N,N,37.23684118,127.5157161,7,8,22,Y,N,N,23,,N,Y,Y,Y,경기도 이천시청,031-644-2443,2025-02-25
경기도,이천시,경충대로,,경기도 이천시 부발읍 응암리 166,35,1,N,N,37.23465089,127.5203021,6,8,21.8,Y,N,N,23,,N,N,N,Y,경기도 이천시청,031-644-2443,2025-02-25
경기도,이천시,경충대로,,경기도 이천시 부발읍 응암리 316,36,1,N,N,37.23344593,127.5214613,6,8,20.8,Y,N,N,23,,N,N,N,Y,경기도 이천시청,031-644-2443,2025-02-25
경기도,이천시,경충대로,,경기도 이천시 대월면 장평리 487-1,37,1,N,N,37.22087646,127.5262871,6,8,21,Y,N,N,23,,N,N,N,Y,경기도 이천시청,031-644-2443,2025-02-25
경기도,이천시,경충대로,,경기도 이천시 장호원읍 이황리 625-1,38,1,N,N,37.16821182,127.5743041,5,8,16.4,Y,N,N,20,,N,N,N,Y,경기도 이천시청,031-644-2443,2025-02-25
경기도,이천시,경충대로,,경기도 이천시 장호원읍 이황리 615,39,1,N,N,37.16231195,127.5756079,5,8,18.8,Y,N,N,23,,N,N,N,Y,경기도 이천시청,031-644-2443,2025-02-25
경기도,이천시,경충대로,,경기도 이천시 장호원읍 이황리 434-1,40,1,N,N,37.15286217,127.5772617,4,6,16.4,Y,N,N,22,,N,N,N,Y,경기도 이천시청,031-644-2443,2025-02-25
경기도,이천시,경충대로,,경기도 이천시 장호원읍 이황리 607,41,1,N,N,37.14937912,127.579329,6,8,22,Y,N,N,25,,N,Y,N,Y,경기도 이천시청,031-644-2443,2025-02-25
경기도,이천시,경충대로,,경기도 이천시 장호원읍 이황리 572,42,1,N,N,37.14270805,127.5936261,6,6,20.8,Y,N,N,23,,N,Y,N,Y,경기도 이천시청,031-644-2443,2025-02-25
경기도,이천시,경충대로,,경기도 이천시 장호원읍 선읍리 28-5,43,1,N,N,37.13734637,127.5980925,4,4,15,N,Y,N,,,N,N,N,N,경기도 이천시청,031-644-2443,2025-02-25
경기도,이천시,경충대로,,경기도 이천시 장호원읍 와현리 533-1,44,1,N,N,37.13541091,127.5995365,5,8,21,Y,Y,N,23,,N,Y,N,Y,경기도 이천시청,031-644-2443,2025-02-25
경기도,이천시,경충대로,,경기도 이천시 장호원읍 와현리 584,45,1,N,N,37.13497997,127.5998834,6,8,21.8,Y,Y,N,23,,N,N,N,Y,경기도 이천시청,031-644-2443,2025-02-25
경기도,이천시,경충대로,,경기도 이천시 장호원읍 송산리 716,46,1,N,N,37.13322381,127.6024458,4,8,14.2,N,N,N,,,N,N,N,N,경기도 이천시청,031-644-2443,2025-02-25
경기도,이천시,경충대로,,경기도 이천시 장호원읍 송산리 11-1,47,1,N,N,37.13244233,127.6037896,5,6,16,Y,N,N,20,,N,N,N,Y,경기도 이천시청,031-644-2443,2025-02-25
경기도,이천시,경충대로,,경기도 이천시 장호원읍 송산리 2,48,1,N,N,37.13145444,127.6054812,5,8,19,Y,N,N,20,,N,Y,N,Y,경기도 이천시청,031-644-2443,2025-02-25
경기도,이천시,경충대로,,경기도 이천시 장호원읍 진암리 382-3,49,1,N,N,37.12998468,127.6081595,5,8,17.4,Y,Y,N,20,,N,N,N,Y,경기도 이천시청,031-644-2443,2025-02-25
경기도,이천시,경충대로,,경기도 이천시 장호원읍 진암리 산2-17,50,1,N,N,37.12785589,127.6124817,6,6,23.2,Y,N,N,25,,N,N,N,Y,경기도 이천시청,031-644-2443,2025-02-25
경기도,이천시,경충대로,,경기도 이천시 장호원읍 장호원리 314-10,51,1,N,N,37.12298816,127.6160319,5,6,20.6,Y,N,N,25,,Y,Y,Y,Y,경기도 이천시청,031-644-2443,2025-02-25
경기도,이천시,경충대로,,경기도 이천시 장호원읍 진암리 11-8,52,1,N,N,37.1155207,127.6224634,3,8,28,Y,N,N,28,,Y,Y,Y,Y,경기도 이천시청,031-644-2443,2025-02-25
경기도,이천시,장감로,,경기도 이천시 장호원읍 진암리 703,53,1,N,N,37.11563608,127.6236562,3,6,12,Y,N,N,17,,N,Y,Y,Y,경기도 이천시청,031-644-2443,2025-02-25
경기도,이천시,장감로,,경기도 이천시 장호원읍 진암리 703,54,1,N,N,37.11563608,127.6236562,2,4,10,N,N,N,,,N,Y,N,N,경기도 이천시청,031-644-2443,2025-02-25
경기도,이천시,장감로,,경기도 이천시 장호원읍 진암리 698,55,1,N,N,37.11622712,127.6263997,2,4,10,N,N,N,,,N,Y,N,N,경기도 이천시청,031-644-2443,2025-02-25
경기도,이천시,장감로,,경기도 이천시 장호원읍 장호원리107-2,56,1,N,N,37.116462,127.6277338,2,4,10,Y,Y,N,17,,N,Y,N,Y,경기도 이천시청,031-644-2443,2025-02-25
경기도,이천시,장감로,,경기도 이천시 장호원읍 장호원리101-17,57,1,N,N,37.11670959,127.6293421,2,6,10,Y,N,N,15,,N,Y,N,N,경기도 이천시청,031-644-2443,2025-02-25
경기도,이천시,장감로,,경기도 이천시 장호원읍 장호원리120-20,58,1,N,N,37.11762713,127.6279207,2,6,10,Y,N,N,15,,N,Y,N,Y,경기도 이천시청,031-644-2443,2025-02-25
경기도,이천시,장감로,경기도 이천시 장호원읍 장감로77번길 14,경기도 이천시 장호원읍 장호원리 350,59,1,N,N,37.11808874,127.6312509,2,6,10.4,N,N,N,,,N,Y,N,N,경기도 이천시청,031-644-2443,2025-02-25
경기도,이천시,장감로,경기도 이천시 장호원읍 장감로77번길 14,경기도 이천시 장호원읍 장호원리 350,60,1,N,N,37.11808874,127.6312509,2,4,10.4,N,N,N,,,N,Y,N,N,경기도 이천시청,031-644-2443,2025-02-25
경기도,이천시,장감로,경기도 이천시 장호원읍 장감로77번길 14,경기도 이천시 장호원읍 장호원리 350,61,1,N,N,37.11808874,127.6312509,2,6,10.4,N,N,N,,,N,Y,N,N,경기도 이천시청,031-644-2443,2025-02-25
경기도,이천시,장감로,경기도 이천시 장호원읍 장감로77번길 14,경기도 이천시 장호원읍 장호원리 350,62,1,N,N,37.11808874,127.6312509,2,6,10.4,Y,N,N,15,,N,Y,N,Y,경기도 이천시청,031-644-2443,2025-02-25
경기도,이천시,장여로,,경기도 이천시 장호원읍 장호원리 11-6,63,1,N,N,37.11835455,127.6331129,3,6,10.4,Y,N,N,15,,N,Y,N,N,경기도 이천시청,031-644-2443,2025-02-25
경기도,이천시,장여로,,경기도 이천시 장호원읍 장호원리 10-14,64,1,N,N,37.11901735,127.6325341,4,8,15,N,N,N,,,N,N,N,N,경기도 이천시청,031-644-2443,2025-02-25
경기도,이천시,장여로,,경기도 이천시 장호원읍 노탑리 834-3,65,1,N,N,37.12160272,127.6308317,5,6,18,Y,N,N,23,,N,Y,N,Y,경기도 이천시청,031-644-2443,2025-02-25
경기도,이천시,장여로,,경기도 이천시 장호원읍 노탑리 831,66,1,N,N,37.12708186,127.6294287,2,6,11,Y,N,N,15,,N,N,N,Y,경기도 이천시청,031-644-2443,2025-02-25
경기도,이천시,장여로,,경기도 이천시 장호원읍 노탑리 826,67,1,N,N,37.13434874,127.6280128,2,4,7,N,N,N,,,N,N,N,N,경기도 이천시청,031-644-2443,2025-02-25
경기도,이천시,장여로,,경기도 이천시 장호원읍 노탑리 817,68,1,N,N,37.14120437,127.6268145,3,4,9,N,N,N,,,N,N,N,N,경기도 이천시청,031-644-2443,2025-02-25
경기도,이천시,장여로,,경기도 이천시 장호원읍 노탑리 814,69,1,N,N,37.14511886,127.6265371,2,4,7,N,N,N,,,N,N,N,N,경기도 이천시청,031-644-2443,2025-02-25
경기도,이천시,장여로,,경기도 이천시 장호원읍 풍계리 82-2,70,1,N,N,37.15023494,127.6263317,3,6,11,N,N,N,,,N,N,N,N,경기도 이천시청,031-644-2443,2025-02-25
경기도,이천시,서동대로,,경기도 이천시 장호원읍 어석리 120,71,1,N,N,37.11457546,127.5823594,5,8,20,Y,N,N,23,,N,N,N,Y,경기도 이천시청,031-644-2443,2025-02-25
경기도,이천시,서동대로,,경기도 이천시 장호원읍 송산리 170-2,72,1,N,N,37.11371469,127.5918817,7,8,32.6,Y,Y,N,33,,N,N,N,Y,경기도 이천시청,031-644-2443,2025-02-25
경기도,이천시,서동대로,경기도 이천시 장호원읍 서동대로 8649,경기도 이천시 장호원읍 송산리 177-1,73,1,N,N,37.11438501,127.5961705,4,4,2.5,N,N,N,,,N,N,N,N,경기도 이천시청,031-644-2443,2025-02-25
경기도,이천시,서동대로,,경기도 이천시 장호원읍 송산리 681,74,1,N,N,37.1144137,127.6000025,7,8,28.8,Y,Y,N,30,,N,N,N,Y,경기도 이천시청,031-644-2443,2025-02-25
경기도,이천시,서동대로,,경기도 이천시 장호원읍 진암리 744,75,1,N,N,37.115193,127.6100373,6,8,36.2,Y,N,N,44,,N,N,N,Y,경기도 이천시청,031-644-2443,2025-02-25
경기도,이천시,서동대로,,경기도 이천시 장호원읍 진암리 산26-4,76,1,N,N,37.11504303,127.6121253,6,8,26.8,Y,N,N,30,,N,N,N,Y,경기도 이천시청,031-644-2443,2025-02-25
경기도,이천시,서동대로,,경기도 이천시 장호원읍 장호원리 340-11,77,1,N,N,37.11501586,127.6139961,5,6,22,Y,Y,N,25,,Y,N,N,Y,경기도 이천시청,031-644-2443,2025-02-25
경기도,이천시,서동대로,,경기도 이천시 장호원읍 진암리 17-10,78,1,N,N,37.11515626,127.6157199,7,8,24.2,Y,Y,N,30,,N,Y,N,Y,경기도 이천시청,031-644-2443,2025-02-25
경기도,이천시,서동대로,,경기도 이천시 장호원읍 진암리 17-10,79,1,N,N,37.11515626,127.6157199,6,8,22.8,Y,Y,N,25,,N,Y,N,Y,경기도 이천시청,031-644-2443,2025-02-25
경기도,이천시,서동대로,,경기도 이천시 장호원읍 진암리 18,80,1,N,N,37.11512622,127.6202831,5,8,19.2,Y,Y,N,25,,N,Y,Y,Y,경기도 이천시청,031-644-2443,2025-02-25
경기도,이천시,서동대로,,경기도 이천시 장호원읍 진암리 700-2,81,1,N,N,37.115391,127.619929,6,8,22.2,Y,Y,N,25,,Y,Y,Y,Y,경기도 이천시청,031-644-2443,2025-02-25
경기도,이천시,서동대로,,경기도 이천시 장호원읍 진암리 22,82,1,N,N,37.11502612,127.6231091,4,8,41.2,Y,N,N,47,,N,Y,Y,Y,경기도 이천시청,031-644-2443,2025-02-25
경기도,이천시,중부대로,,경기도 이천시 마장면 양촌리 산15-2,83,1,N,N,37.2559266,127.3501105,6,6,20.4,Y,N,N,23,,N,Y,N,Y,경기도 이천시청,031-644-2443,2025-02-25
경기도,이천시,중부대로,,경기도 이천시 마장면 양촌리 28-1,84,1,N,N,37.25551945,127.3521716,6,8,28.8,Y,N,N,30,,N,Y,N,Y,경기도 이천시청,031-644-2443,2025-02-25
경기도,이천시,중부대로,,경기도 이천시 마장면 표교리 641,85,1,N,N,37.25530111,127.3990147,6,6,22,Y,N,N,25,,N,N,N,Y,경기도 이천시청,031-644-2443,2025-02-25
경기도,이천시,중부대로,,경기도 이천시 마장면 표교리 631,86,1,N,N,37.25477347,127.4046121,6,8,24,Y,N,N,25,,Y,Y,N,Y,경기도 이천시청,031-644-2443,2025-02-25
경기도,이천시,중부대로,,경기도 이천시 마장면 표교리 612,87,1,N,N,37.2542479,127.4073811,7,4,24.8,Y,N,N,30,,N,N,N,Y,경기도 이천시청,031-644-2443,2025-02-25
경기도,이천시,중부대로,,경기도 이천시 호법면 안평리 755,88,1,N,N,37.24933293,127.4132491,5,6,17,Y,N,N,23,,N,N,N,Y,경기도 이천시청,031-644-2443,2025-02-25
경기도,이천시,중부대로,,경기도 이천시 호법면 안평리 759,89,1,N,N,37.24737964,127.4152953,8,6,25.2,Y,N,N,30,,N,N,N,Y,경기도 이천시청,031-644-2443,2025-02-25
경기도,이천시,중부대로,,경기도 이천시 호법면 안평리 718,90,1,N,N,37.24401897,127.4211715,5,8,19.2,Y,N,N,23,,Y,Y,Y,Y,경기도 이천시청,031-644-2443,2025-02-25
경기도,이천시,중부대로,,경기도 이천시 호법면 안평리 718,91,1,N,N,37.24401897,127.4211715,8,6,33.6,Y,N,N,30,,N,N,N,Y,경기도 이천시청,031-644-2443,2025-02-25
경기도,이천시,중부대로,,경기도 이천시 호법면 유산리 778,92,1,N,N,37.24405498,127.4328422,6,8,22.8,Y,N,N,25,,N,Y,Y,Y,경기도 이천시청,031-644-2443,2025-02-25
경기도,이천시,중부대로,,경기도 이천시 호법면 유산리 491,93,1,N,N,37.24485878,127.4377955,8,8,30.4,Y,N,N,28,,N,Y,Y,Y,경기도 이천시청,031-644-2443,2025-02-25
경기도,이천시,중부대로,,경기도 이천시 장록동 산1-3,94,1,N,N,37.25874675,127.4578217,9,6,34,Y,N,N,28,,N,N,N,Y,경기도 이천시청,031-644-2443,2025-02-25
경기도,이천시,중부대로,,경기도 이천시 부발읍 가좌리 299,95,1,N,N,37.26030358,127.4583271,8,6,28.4,Y,N,N,25,,N,N,N,Y,경기도 이천시청,031-644-2443,2025-02-25
경기도,이천시,중부대로,,경기도 이천시 부발읍 신하리 621-2,96,1,N,N,37.27057207,127.4656533,5,8,18.6,Y,N,N,23,,N,N,N,Y,경기도 이천시청,031-644-2443,2025-02-25
경기도,이천시,중부대로,,경기도 이천시 부발읍 마암리 446,97,1,N,N,37.27910442,127.4730422,6,8,20,Y,N,N,23,,N,N,N,Y,경기도 이천시청,031-644-2443,2025-02-25
경기도,이천시,중부대로,,경기도 이천시 부발읍 마암리 446,98,1,N,N,37.27910442,127.4730422,7,4,25.2,Y,N,N,27,,N,Y,N,Y,경기도 이천시청,031-644-2443,2025-02-25
경기도,이천시,중부대로,,경기도 이천시 부발읍 무촌리 223-1,99,1,N,N,37.28645073,127.4893675,6,8,19.8,Y,N,N,23,,Y,Y,Y,Y,경기도 이천시청,031-644-2443,2025-02-25
경기도,이천시,중부대로,,경기도 이천시 부발읍 무촌리 518,100,1,N,N,37.28863654,127.4932264,6,8,22,Y,N,N,23,,Y,Y,Y,Y,경기도 이천시청,031-644-2443,2025-02-25
경기도,이천시,중부대로,,경기도 이천시 부발읍 신원리 558-36,101,1,N,N,37.29032054,127.5059507,6,8,26.2,Y,N,N,25,,Y,Y,N,Y,경기도 이천시청,031-644-2443,2025-02-25
경기도,이천시,중부대로,,경기도 이천시 부발읍 신원리 696,102,1,N,N,37.29014187,127.5058733,5,8,20.2,Y,N,N,23,,N,N,N,Y,경기도 이천시청,031-644-2443,2025-02-25
경기도,이천시,중부대로,,경기도 이천시 부발읍 신원리 670,103,1,N,N,37.29351978,127.5130112,6,8,21,Y,N,N,23,,N,N,N,Y,경기도 이천시청,031-644-2443,2025-02-25
경기도,이천시,중부대로,,경기도 이천시 부발읍 신원리 77-7,104,1,N,N,37.29210338,127.5173544,6,8,21,Y,N,N,23,,N,N,N,Y,경기도 이천시청,031-644-2443,2025-02-25
경기도,이천시,중부대로,,경기도 이천시 부발읍 신원리 산30-1,105,1,N,N,37.2924571,127.5205382,5,8,17,Y,N,N,20,,N,N,N,Y,경기도 이천시청,031-644-2443,2025-02-25
경기도,이천시,중부대로,,경기도 이천시 부발읍 고백리 640-2,106,1,N,N,37.29315608,127.5284114,7,8,23.8,Y,N,N,25,,N,Y,Y,Y,경기도 이천시청,031-644-2443,2025-02-25
경기도,이천시,중부대로,,경기도 이천시 부발읍 고백리 314-5,107,1,N,N,37.29401877,127.5339284,6,8,24,Y,N,N,25,,N,N,N,Y,경기도 이천시청,031-644-2443,2025-02-25
경기도,이천시,사실로,,경기도 이천시 모가면 두미리 813,108,1,N,N,37.16118038,127.438518,2,6,5.8,N,N,N,,,N,N,N,N,경기도 이천시청,031-644-2443,2025-02-25
경기도,이천시,사실로,,경기도 이천시 모가면 두미리 813,109,1,N,N,37.16118038,127.438518,2,6,5.8,N,N,N,,,N,N,N,N,경기도 이천시청,031-644-2443,2025-02-25
경기도,이천시,사실로,,경기도 이천시 모가면 두미리 813,110,1,N,N,37.16118038,127.438518,3,6,8.6,Y,N,N,,,N,N,N,Y,경기도 이천시청,031-644-2443,2025-02-25
경기도,이천시,사실로,,경기도 이천시 모가면 두미리 812,111,1,N,N,37.16684021,127.4392372,2,6,5.8,Y,N,N,,,N,N,N,Y,경기도 이천시청,031-644-2443,2025-02-25
경기도,이천시,사실로,,경기도 이천시 모가면 어농리 687,112,1,N,N,37.17503146,127.4388302,2,4,9.8,Y,N,N,,,N,N,N,N,경기도 이천시청,031-644-2443,2025-02-25
경기도,이천시,사실로,,경기도 이천시 모가면 어농리 675-1,113,1,N,N,37.17881702,127.4393584,4,6,14.6,Y,N,Y,,,Y,Y,Y,N,경기도 이천시청,031-644-2443,2025-02-25
경기도,이천시,사실로,,경기도 이천시 모가면 어농리 671-2,114,1,N,N,37.17916419,127.4394053,3,6,12.6,Y,N,Y,,,Y,Y,Y,N,경기도 이천시청,031-644-2443,2025-02-25
경기도,이천시,사실로,,경기도 이천시 모가면 어농리 산119,115,1,N,N,37.1817432,127.4395215,2,6,7.4,Y,N,N,,,N,N,N,Y,경기도 이천시청,031-644-2443,2025-02-25
경기도,이천시,사실로,,경기도 이천시 모가면 어농리 631,116,1,N,N,37.18530748,127.4401281,2,6,5.6,Y,N,N,,,N,N,N,Y,경기도 이천시청,031-644-2443,2025-02-25
경기도,이천시,사실로,,경기도 이천시 모가면 신갈리 372-2,117,1,N,N,37.1970904,127.4456813,3,4,10.2,Y,N,N,,,N,N,N,Y,경기도 이천시청,031-644-2443,2025-02-25
경기도,이천시,사실로,,경기도 이천시 모가면 신갈리 640,118,1,N,N,37.19975418,127.4474469,2,4,6,N,N,N,,,N,N,N,N,경기도 이천시청,031-644-2443,2025-02-25
경기도,이천시,사실로,,경기도 이천시 모가면 신갈리 640,119,1,N,N,37.19975418,127.4474469,2,5,6,N,N,N,,,N,N,N,N,경기도 이천시청,031-644-2443,2025-02-25
경기도,이천시,사실로,,경기도 이천시 모가면 신갈리 440-4,120,1,N,Y,37.2009239,127.4486454,2,4,6,N,N,N,,,N,N,N,N,경기도 이천시청,031-644-2443,2025-02-25
경기도,이천시,사실로,,경기도 이천시 모가면 신갈리 640,121,1,N,Y,37.19975418,127.4474469,2,5,6,Y,N,N,,,N,Y,N,N,경기도 이천시청,031-644-2443,2025-02-25
경기도,이천시,사실로,,경기도 이천시 모가면 신갈리 181-4,122,1,N,Y,37.20354419,127.4503166,2,4,6,N,N,N,,,N,N,N,N,경기도 이천시청,031-644-2443,2025-02-25
경기도,이천시,사실로,,경기도 이천시 대포동 585-4,123,1,N,N,37.20894224,127.453021,2,4,9.8,Y,N,N,,,N,N,N,N,경기도 이천시청,031-644-2443,2025-02-25
경기도,이천시,진상미로,,경기도 이천시 대포동 925-2,124,1,N,N,37.21090703,127.4533121,2,4,8,Y,N,N,,,N,N,N,Y,경기도 이천시청,031-644-2443,2025-02-25
경기도,이천시,진상미로,,경기도 이천시 대포동 935-5,125,1,N,N,37.21474925,127.4511345,3,4,11,Y,N,N,,,Y,Y,N,Y,경기도 이천시청,031-644-2443,2025-02-25
경기도,이천시,진상미로,,경기도 이천시 대포동 935-5,126,1,N,N,37.21474925,127.4511345,3,4,11,Y,N,N,,,Y,Y,N,N,경기도 이천시청,031-644-2443,2025-02-25
경기도,이천시,진상미로,,경기도 이천시 단월동 555-5,127,1,N,N,37.21933217,127.4493264,6,10,19.2,Y,N,N,,,N,N,N,Y,경기도 이천시청,031-644-2443,2025-02-25
경기도,이천시,진상미로,,경기도 이천시 고담동 467-4,128,1,N,N,37.24260848,127.4533519,2,4,6.6,Y,N,N,,,N,N,N,N,경기도 이천시청,031-644-2443,2025-02-25
경기도,이천시,진상미로,,경기도 이천시 고담동 450-1,129,1,N,N,37.24360589,127.4541182,2,4,6.2,N,N,N,,,N,N,N,N,경기도 이천시청,031-644-2443,2025-02-25
경기도,이천시,진상미로,,경기도 이천시 고담동 447-2,130,1,N,N,37.24431217,127.4546163,2,4,6.2,N,N,N,,,N,Y,N,N,경기도 이천시청,031-644-2443,2025-02-25
경기도,이천시,진상미로,,경기도 이천시 고담동 430-1,131,1,N,N,37.2450275,127.4551241,2,4,6.2,Y,N,N,,,N,N,N,N,경기도 이천시청,031-644-2443,2025-02-25
경기도,이천시,진상미로,,경기도 이천시 장록동 290-9,132,1,N,N,37.25436281,127.4567696,2,4,9.8,Y,N,N,,,N,Y,Y,Y,경기도 이천시청,031-644-2443,2025-02-25
경기도,이천시,이여로,,경기도 이천시 증포동 13-1,133,1,N,N,37.29756386,127.4600953,6,8,25.8,Y,N,N,,,Y,Y,Y,Y,경기도 이천시청,031-644-2443,2025-02-25
경기도,이천시,이여로,,경기도 이천시 백사면 모전리 832-1,134,1,N,N,37.30133785,127.4612546,6,8,23.2,Y,N,N,,,N,Y,Y,Y,경기도 이천시청,031-644-2443,2025-02-25
경기도,이천시,이여로,,경기도 이천시 백사면 모전리 82-3,135,1,N,N,37.30493414,127.4632427,5,6,17.4,Y,N,Y,,,N,Y,N,Y,경기도 이천시청,031-644-2443,2025-02-25
경기도,이천시,이여로,,경기도 이천시 백사면 모전리 970,136,1,N,N,37.3063795,127.4635453,6,6,20.2,Y,N,N,,,N,Y,N,Y,경기도 이천시청,031-644-2443,2025-02-25
경기도,이천시,이여로,,경기도 이천시 백사면 모전리 968-13,137,1,N,N,37.30722136,127.4640124,5,6,18.8,Y,N,N,,,Y,Y,Y,Y,경기도 이천시청,031-644-2443,2025-02-25
경기도,이천시,이여로,,경기도 이천시 백사면 모전리 966-5,138,1,N,N,37.30814456,127.4643323,5,6,19.2,Y,N,Y,,,N,Y,N,Y,경기도 이천시청,031-644-2443,2025-02-25
경기도,이천시,이여로,,경기도 이천시 백사면 모전리 23,139,1,N,N,37.31177586,127.4659829,7,6,29.4,Y,N,Y,,,N,N,N,Y,경기도 이천시청,031-644-2443,2025-02-25
경기도,이천시,이여로,,경기도 이천시 백사면 모전리 산11,140,1,N,N,37.31495892,127.4677039,2,4,6.2,N,N,N,,,N,N,N,N,경기도 이천시청,031-644-2443,2025-02-25
경기도,이천시,이여로,,경기도 이천시 백사면 모전리 산1,141,1,N,N,37.31914991,127.4694679,3,6,10.8,Y,N,N,,,N,Y,N,Y,경기도 이천시청,031-644-2443,2025-02-25
경기도,이천시,이여로,,경기도 이천시 백사면 조읍리 603-4,142,1,N,N,37.3207662,127.4710678,2,4,6.2,N,N,N,,,N,N,N,N,경기도 이천시청,031-644-2443,2025-02-25
경기도,이천시,이여로,,경기도 이천시 백사면 조읍리 산103,143,1,N,N,37.32346456,127.4744791,2,6,6.6,N,N,N,,,N,N,N,N,경기도 이천시청,031-644-2443,2025-02-25
경기도,이천시,이여로,,경기도 이천시 백사면 조읍리 산103,144,1,N,N,37.32346456,127.4744791,2,6,7,Y,Y,N,,,N,Y,N,Y,경기도 이천시청,031-644-2443,2025-02-25
경기도,이천시,이여로,,경기도 이천시 백사면 조읍리 572,145,1,N,N,37.32484703,127.4759178,3,6,10.6,Y,N,N,,,N,N,N,N,경기도 이천시청,031-644-2443,2025-02-25
경기도,이천시,이여로,,경기도 이천시 백사면 조읍리 산78-1,146,1,N,N,37.33061911,127.4813174,2,6,6.2,Y,N,N,,,N,N,N,Y,경기도 이천시청,031-644-2443,2025-02-25
경기도,이천시,이여로,,경기도 이천시 백사면 현방리 319-1,147,1,N,N,37.33381668,127.4846539,2,5,7.8,N,N,N,,,N,N,N,N,경기도 이천시청,031-644-2443,2025-02-25
경기도,이천시,이여로,,경기도 이천시 백사면 송말리 96-1,148,1,N,N,37.33573713,127.4865548,3,6,9.6,Y,N,N,,,N,N,N,Y,경기도 이천시청,031-644-2443,2025-02-25
경기도,이천시,이여로,,경기도 이천시 백사면 송말리 56-2,149,1,N,N,37.34064344,127.487926,3,6,11.6,Y,N,N,,,Y,Y,Y,Y,경기도 이천시청,031-644-2443,2025-02-25
경기도,이천시,일생로,,경기도 이천시 율면 산양리 596,150,1,N,N,37.05629022,127.5248003,2,4,6.2,N,N,N,,,N,N,N,N,경기도 이천시청,031-644-2443,2025-02-25
경기도,이천시,일생로,,경기도 이천시 율면 산양리 256-1,151,1,N,N,37.05717698,127.5203200368,2,4,6.8,N,N,N,,,N,N,N,N,경기도 이천시청,031-644-2443,2025-02-25
경기도,이천시,일생로,,경기도 이천시 율면 산양리 449-14,152,1,N,N,37.05940975,127.5175945,2,4,7.8,N,N,N,,,N,N,N,N,경기도 이천시청,031-644-2443,2025-02-25
경기도,이천시,일생로,,경기도 이천시 율면 산양리 392-8,153,1,N,N,37.06403556,127.5136273,2,4,6.8,Y,N,N,,,N,N,N,N,경기도 이천시청,031-644-2443,2025-02-25
경기도,이천시,원설로,,경기도 이천시 설성면 대죽리 184-5,154,1,N,N,37.13421714,127.4906003,4,4,15.4,Y,N,N,,,N,N,N,N,경기도 이천시청,031-644-2443,2025-02-25
경기도,이천시,원설로,,경기도 이천시 설성면 대죽리 679-2,155,1,N,N,37.13537685,127.4731075,3,4,13.2,Y,N,N,,,N,N,N,N,경기도 이천시청,031-644-2443,2025-02-25
경기도,이천시,원설로,,경기도 이천시 설성면 대죽리 678-1,156,1,N,N,37.13555844,127.4726023,3,4,13.2,Y,N,N,,,N,N,N,N,경기도 이천시청,031-644-2443,2025-02-25
경기도,이천시,원설로,,경기도 이천시 설성면 대죽리 산119-1,157,1,N,N,37.13652261,127.4657089,3,4,9.2,Y,N,N,,,N,N,N,N,경기도 이천시청,031-644-2443,2025-02-25
경기도,이천시,마도로,,경기도 이천시 마장면 관리 산88-1,158,1,N,N,37.27729779,127.3511329,4,6,17.6,N,N,N,,,N,N,N,N,경기도 이천시청,031-644-2443,2025-02-25
경기도,이천시,마도로,,경기도 이천시 마장면 관리 산89-2,159,1,N,N,37.27591545,127.3523132,3,4,9,N,N,N,,,N,N,N,N,경기도 이천시청,031-644-2443,2025-02-25
경기도,이천시,마도로,,경기도 이천시 마장면 관리 651-3,160,1,N,N,37.27294831,127.3529167,2,4,6.2,N,N,N,,,N,N,N,N,경기도 이천시청,031-644-2443,2025-02-25
경기도,이천시,마도로,,경기도 이천시 마장면 관리 산168-2,161,1,N,N,37.26519535,127.3541323,2,4,7.2,Y,N,N,,,N,N,N,N,경기도 이천시청,031-644-2443,2025-02-25
경기도,이천시,마도로,,경기도 이천시 마장면 양촌리 80-11,162,1,N,N,37.25724714,127.3529461,5,5,12.8,Y,N,N,,,N,Y,N,Y,경기도 이천시청,031-644-2443,2025-02-25
경기도,이천시,마도로,,경기도 이천시 마장면 양촌리 64-10,163,1,N,N,37.25643746,127.3525253,5,6,17.2,Y,N,N,,,N,Y,Y,Y,경기도 이천시청,031-644-2443,2025-02-25
경기도,이천시,마도로,,경기도 이천시 마장면 양촌리 33-16,164,1,N,N,37.25591517,127.3524215,5,6,21.8,Y,N,N,,,N,Y,Y,N,경기도 이천시청,031-644-2443,2025-02-25
경기도,이천시,덕평로,,경기도 이천시 마장면 이치리 362-5,165,1,N,N,37.24729183,127.3621635,4,6,12.6,Y,N,N,,,N,N,N,Y,경기도 이천시청,031-644-2443,2025-02-25
경기도,이천시,덕평로,,경기도 이천시 마장면 이치리 363-33,166,1,N,N,37.24624837,127.3623623,5,6,17,Y,N,N,,,N,N,N,N,경기도 이천시청,031-644-2443,2025-02-25
경기도,이천시,덕평로,,경기도 이천시 마장면 덕평리 318-3,167,1,N,N,37.23915991,127.363395,6,8,20.8,Y,N,N,,,N,N,N,Y,경기도 이천시청,031-644-2443,2025-02-25
경기도,이천시,덕평로,,경기도 이천시 마장면 덕평리 441-1,168,1,N,N,37.23708181,127.3645000322,7,6,21.6,Y,N,N,,,N,Y,N,Y,경기도 이천시청,031-644-2443,2025-02-25
경기도,이천시,덕평로,,경기도 이천시 마장면 덕평리 503-1,169,1,N,N,37.23261976,127.3667632,4,6,18.2,Y,N,Y,,,Y,Y,Y,Y,경기도 이천시청,031-644-2443,2025-02-25
경기도,이천시,덕평로,,경기도 이천시 마장면 덕평리 105-1,170,1,N,N,37.23075529,127.3665595,2,4,7,Y,N,N,,,N,N,N,Y,경기도 이천시청,031-644-2443,2025-02-25
경기도,이천시,덕평로,,경기도 이천시 마장면 이평리 267-39,171,1,N,N,37.22730652,127.3677398,4,4,20.2,Y,N,N,,,N,N,N,N,경기도 이천시청,031-644-2443,2025-02-25
경기도,이천시,덕평로,,경기도 이천시 마장면 이평리 541-1,172,1,N,N,37.22313689,127.3699147,2,4,7,Y,N,N,,,N,N,N,N,경기도 이천시청,031-644-2443,2025-02-25
경기도,이천시,덕평로,,경기도 이천시 마장면 이평리 391-5,173,1,N,N,37.22168866,127.3715522,2,4,6.2,N,N,N,,,N,N,N,N,경기도 이천시청,031-644-2443,2025-02-25
경기도,이천시,덕평로,,경기도 이천시 마장면 이평리 168-5,174,1,N,N,37.22049136,127.373884,2,4,6.2,N,N,N,,,N,N,N,N,경기도 이천시청,031-644-2443,2025-02-25
경기도,이천시,덕평로,,경기도 이천시 마장면 이평리 170-5,175,1,N,N,37.22008232,127.3747441,3,6,11,N,N,N,,,N,N,N,N,경기도 이천시청,031-644-2443,2025-02-25
경기도,이천시,덕평로,,경기도 이천시 호법면 매곡리 556-13,176,1,N,N,37.20864035,127.3867157,2,4,7.6,Y,N,N,,,Y,Y,Y,Y,경기도 이천시청,031-644-2443,2025-02-25
경기도,이천시,덕평로,,경기도 이천시 호법면 매곡리 556-13,177,1,N,N,37.20864035,127.3867157,1,4,4.4,N,N,N,,,N,N,N,N,경기도 이천시청,031-644-2443,2025-02-25
경기도,이천시,덕평로,,경기도 이천시 호법면 매곡리 617,178,1,N,N,37.20542231,127.3843266,4,6,16.2,Y,N,N,,,N,N,N,Y,경기도 이천시청,031-644-2443,2025-02-25
경기도,이천시,덕평로,,경기도 이천시 호법면 매곡리 1087-8,179,1,N,N,37.19887925,127.384568,2,6,7.4,Y,N,N,,,N,N,N,Y,경기도 이천시청,031-644-2443,2025-02-25
경기도,이천시,진상미로,,경기도 이천시 대포동 928,180,1,N,N,37.20895369,127.4535457,2,4,7.2,Y,N,N,,,N,N,N,N,경기도 이천시청,031-644-2443,2025-02-25
경기도,이천시,진상미로,,경기도 이천시 대포동 573-8,181,1,N,N,37.20720799,127.4542166,2,4,6.2,N,N,N,,,N,N,N,N,경기도 이천시청,031-644-2443,2025-02-25
경기도,이천시,진상미로,,경기도 이천시 대포동 547-1,182,1,N,N,37.2017274,127.458521,4,4,15.4,Y,N,N,,,N,Y,Y,Y,경기도 이천시청,031-644-2443,2025-02-25
경기도,이천시,진상미로,,경기도 이천시 모가면 소고리 380-4,183,1,N,N,37.19524626,127.4664614,2,4,5.8,Y,N,N,,,N,N,N,Y,경기도 이천시청,031-644-2443,2025-02-25
경기도,이천시,진상미로,,경기도 이천시 모가면 원두리 410,184,1,N,N,37.1894195,127.4723848,2,4,6.2,N,N,N,,,N,N,N,N,경기도 이천시청,031-644-2443,2025-02-25
경기도,이천시,진상미로,,경기도 이천시 모가면 원두리 616-1,185,1,N,N,37.18472612,127.4762621,2,6,6.2,Y,Y,N,,,N,N,N,Y,경기도 이천시청,031-644-2443,2025-02-25
경기도,이천시,진상미로,,경기도 이천시 모가면 원두리 산25-2,186,1,N,N,37.1813932,127.4785394,2,6,7.2,N,N,N,,,N,N,N,N,경기도 이천시청,031-644-2443,2025-02-25
경기도,이천시,진상미로,,경기도 이천시 모가면 진가리 199-4,187,1,N,N,37.17992174,127.4791101,2,6,8,Y,N,N,,,N,N,N,Y,경기도 이천시청,031-644-2443,2025-02-25
경기도,이천시,진상미로,,경기도 이천시 모가면 진가리 453,188,1,N,N,37.17477538,127.4799441,2,6,8,Y,N,N,,,N,N,N,N,경기도 이천시청,031-644-2443,2025-02-25
경기도,이천시,진상미로,,경기도 이천시 모가면 진가리 460,189,1,N,N,37.17151843,127.4805938,2,4,14,N,N,N,,,N,N,N,N,경기도 이천시청,031-644-2443,2025-02-25
경기도,이천시,진상미로,,경기도 이천시 모가면 진가리 110-2,190,1,N,N,37.17130618,127.4805281,2,4,6.2,N,N,N,,,N,N,N,N,경기도 이천시청,031-644-2443,2025-02-25
경기도,이천시,진상미로,,경기도 이천시 모가면 진가리 461,191,1,N,N,37.1710641,127.4821349,2,4,7.4,N,N,N,,,N,N,N,N,경기도 이천시청,031-644-2443,2025-02-25
경기도,이천시,대월로,,경기도 이천시 모가면 진가리 101-4,192,1,N,N,37.17153741,127.484906,2,4,6.8,N,N,N,,,N,N,N,N,경기도 이천시청,031-644-2443,2025-02-25
경기도,이천시,대월로,,경기도 이천시 모가면 진가리 88-4,193,1,N,N,37.16937269,127.4831817,2,4,6.2,N,N,N,,,N,N,N,N,경기도 이천시청,031-644-2443,2025-02-25
경기도,이천시,대월로,,경기도 이천시 모가면 진가리 67-33,194,1,N,N,37.16812152,127.4815277,2,4,7.6,Y,N,N,,,N,N,N,Y,경기도 이천시청,031-644-2443,2025-02-25
경기도,이천시,진상미로,,경기도 이천시 모가면 진가리 산44-3,195,1,N,N,37.16503594,127.4794051,3,4,8.8,Y,N,N,,,N,N,N,N,경기도 이천시청,031-644-2443,2025-02-25
경기도,이천시,진상미로,,경기도 이천시 모가면 서경리 519-9,196,1,N,N,37.16156346,127.4803138,2,4,7.6,N,N,N,,,N,N,N,N,경기도 이천시청,031-644-2443,2025-02-25
경기도,이천시,진상미로,,경기도 이천시 모가면 서경리 519-9,197,1,N,N,37.16156346,127.4803138,2,4,7.6,N,N,N,,,N,N,N,N,경기도 이천시청,031-644-2443,2025-02-25
경기도,이천시,진상미로,,경기도 이천시 모가면 송곡리 297-2,198,1,N,Y,37.15184925,127.4832588,2,4,6.2,Y,Y,N,,,N,Y,Y,Y,경기도 이천시청,031-644-2443,2025-02-25
경기도,이천시,진상미로,,경기도 이천시 모가면 송곡리 95-2,199,1,N,N,37.1474799968,127.4926226,2,4,6.2,N,N,N,,,N,N,N,N,경기도 이천시청,031-644-2443,2025-02-25
경기도,이천시,진상미로,,경기도 이천시 모가면 송곡리 175-3,200,1,N,N,37.14577297,127.4938259,2,4,6.6,N,N,N,,,N,N,N,N,경기도 이천시청,031-644-2443,2025-02-25
경기도,이천시,진상미로,,경기도 이천시 설성면 수산리 376-2,201,1,N,N,37.14153437,127.4994387,2,4,6.6,N,N,N,,,N,N,N,N,경기도 이천시청,031-644-2443,2025-02-25
경기도,이천시,노성로,,경기도 이천시 설성면 수산리 569-1,202,1,N,N,37.13517803,127.4940737,2,4,6.6,N,N,N,,,N,N,N,N,경기도 이천시청,031-644-2443,2025-02-25
경기도,이천시,노성로,,경기도 이천시 설성면 대죽리 산32-5,203,1,N,N,37.12636896,127.4855722,5,6,16.2,Y,N,N,,,Y,Y,Y,N,경기도 이천시청,031-644-2443,2025-02-25
경기도,이천시,설가로,,경기도 이천시 설성면 장천리 610-3,204,1,N,N,37.14373093,127.512959,2,6,6.4,N,N,N,,,N,N,N,N,경기도 이천시청,031-644-2443,2025-02-25
경기도,이천시,설가로,,경기도 이천시 설성면 상봉리 산82-4,205,1,N,N,37.14917013,127.5112071,2,4,6.4,N,N,N,,,N,N,N,N,경기도 이천시청,031-644-2443,2025-02-25
경기도,이천시,설가로,,경기도 이천시 설성면 상봉리 573-2,206,1,N,N,37.15573137,127.511241,2,6,8.2,N,N,N,,,N,N,N,N,경기도 이천시청,031-644-2443,2025-02-25
경기도,이천시,설가로,,경기도 이천시 설성면 송계리 399-19,207,1,N,N,37.16281188,127.5128048,2,4,11,N,N,N,,,N,N,N,N,경기도 이천시청,031-644-2443,2025-02-25
경기도,이천시,설가로,,경기도 이천시 설성면 상봉리 산15-4,208,1,N,N,37.1639514,127.5127751,2,4,9.8,N,N,N,,,N,N,N,N,경기도 이천시청,031-644-2443,2025-02-25
경기도,이천시,설가로,,경기도 이천시 설성면 송계리 산157,209,1,N,N,37.16692971,127.5115386,2,4,7.2,N,N,N,,,N,N,N,N,경기도 이천시청,031-644-2443,2025-02-25
경기도,이천시,설가로,,경기도 이천시 설성면 송계리 33-3,210,1,N,N,37.17611946,127.5138184,3,6,9.4,Y,N,N,,,N,N,N,Y,경기도 이천시청,031-644-2443,2025-02-25
경기도,이천시,설가로,,경기도 이천시 대월면 군량리 산4-6,211,1,N,N,37.18650857,127.5179314,2,4,10,Y,N,N,,,Y,Y,Y,N,경기도 이천시청,031-644-2443,2025-02-25
경기도,이천시,황무로,,경기도 이천시 신둔면 인후리 217,212,1,N,N,37.30451567,127.3782431,2,4,7,Y,Y,N,,,N,N,N,Y,경기도 이천시청,031-644-2443,2025-02-25
경기도,이천시,황무로,,경기도 이천시 신둔면 인후리 217,213,1,N,N,37.30451567,127.3782431,2,4,6.8,N,N,N,,,N,N,N,N,경기도 이천시청,031-644-2443,2025-02-25
경기도,이천시,황무로,,경기도 이천시 신둔면 마교리 369-40,214,1,N,N,37.30190263,127.3875201,2,6,7.6,Y,N,N,,,N,N,N,Y,경기도 이천시청,031-644-2443,2025-02-25
경기도,이천시,황무로,,경기도 이천시 신둔면 마교리 289,215,1,N,N,37.30112748,127.3893811,2,6,6.2,N,N,N,,,N,N,N,N,경기도 이천시청,031-644-2443,2025-02-25
경기도,이천시,황무로,,경기도 이천시 신둔면 마교리 90,216,1,N,N,37.30018018,127.3923443,2,6,6.2,N,N,N,,,N,N,N,N,경기도 이천시청,031-644-2443,2025-02-25
경기도,이천시,황무로,,경기도 이천시 신둔면 소정리 185-3,217,1,N,N,37.29992662,127.3975247,2,4,6.2,Y,N,N,,,N,N,N,Y,경기도 이천시청,031-644-2443,2025-02-25
경기도,이천시,황무로,,경기도 이천시 신둔면 소정리 51-2,218,1,N,N,37.30261185,127.4035173,3,6,9.2,Y,N,N,,,N,N,N,Y,경기도 이천시청,031-644-2443,2025-02-25
경기도,이천시,황무로,,경기도 이천시 신둔면 소정리 59-7,219,1,N,N,37.30341062,127.4055864,4,6,17.8,Y,N,N,,,Y,Y,Y,Y,경기도 이천시청,031-644-2443,2025-02-25
경기도,이천시,황무로,경기도 이천시 신둔면 경충대로 3122-20,경기도 이천시 신둔면 수광리 716,220,1,N,N,37.30620895,127.4034327,5,6,10,Y,N,N,,,Y,Y,Y,Y,경기도 이천시청,031-644-2443,2025-02-25
경기도,이천시,황무로,,경기도 이천시 신둔면 남정리 55-1,221,1,N,N,37.30604901,127.4138228,6,6,17.6,Y,N,N,,,N,N,N,Y,경기도 이천시청,031-644-2443,2025-02-25
경기도,이천시,황무로,,경기도 이천시 사음동 7-5,222,1,N,N,37.30440764,127.4271362,5,6,15.8,Y,N,N,,,Y,Y,Y,Y,경기도 이천시청,031-644-2443,2025-02-25
경기도,이천시,황무로,,경기도 이천시 송정동 216-1,223,1,N,N,37.30320667,127.4346951,6,6,20.8,Y,N,N,,,N,N,N,Y,경기도 이천시청,031-644-2443,2025-02-25
경기도,이천시,황무로,,경기도 이천시 송정동 209-1,224,1,N,N,37.30235272,127.4375664,5,8,17.2,Y,N,N,,,Y,Y,Y,Y,경기도 이천시청,031-644-2443,2025-02-25
경기도,이천시,황무로,,경기도 이천시 송정동 171-2,225,1,N,N,37.30226097,127.4392944,5,8,17.2,Y,N,N,,,Y,Y,Y,Y,경기도 이천시청,031-644-2443,2025-02-25
경기도,이천시,황무로,,경기도 이천시 송정동 433,226,1,N,N,37.30262942,127.4500793,6,6,19,Y,N,N,,,N,N,N,Y,경기도 이천시청,031-644-2443,2025-02-25
경기도,이천시,황무로,,경기도 이천시 증포동 413,227,1,N,N,37.29779521,127.4582711,5,8,18,Y,N,N,,,Y,Y,Y,Y,경기도 이천시청,031-644-2443,2025-02-25
경기도,이천시,황무로,,경기도 이천시 증포동 14-9,228,1,N,N,37.29837801,127.4588337,6,8,22.8,Y,N,N,,,Y,Y,Y,Y,경기도 이천시청,031-644-2443,2025-02-25
경기도,이천시,황무로,,경기도 이천시 갈산동 348-3,229,1,N,N,37.29335039,127.4673968,5,6,16,Y,N,N,,,Y,Y,Y,N,경기도 이천시청,031-644-2443,2025-02-25
경기도,이천시,황무로,,경기도 이천시 갈산동 348-3,230,1,N,N,37.29335039,127.4673968,6,6,17.6,Y,N,N,,,N,N,N,Y,경기도 이천시청,031-644-2443,2025-02-25
경기도,이천시,황무로,,경기도 이천시 부발읍 무촌리 373-2,231,1,N,N,37.28828027,127.4819476,5,6,15.4,Y,N,N,,,N,N,N,Y,경기도 이천시청,031-644-2443,2025-02-25
경기도,이천시,황무로,,경기도 이천시 부발읍 무촌리 37-2,232,1,N,N,37.28688373,127.4922596,2,8,24.2,Y,N,N,,,N,Y,Y,N,경기도 이천시청,031-644-2443,2025-02-25
경기도,이천시,황무로,,경기도 이천시 부발읍 무촌리 37-3,233,1,N,N,37.28609092,127.4924894,5,6,16.2,Y,N,N,,,N,Y,N,Y,경기도 이천시청,031-644-2443,2025-02-25
경기도,이천시,황무로,,경기도 이천시 부발읍 죽당리 1137-3,234,1,N,N,37.28038083,127.4982924,3,5,11,Y,N,N,,,Y,Y,Y,Y,경기도 이천시청,031-644-2443,2025-02-25
경기도,이천시,황무로,,경기도 이천시 부발읍 죽당리 1137-3,235,1,N,N,37.28038083,127.4982924,3,6,11,Y,N,N,,,N,N,N,Y,경기도 이천시청,031-644-2443,2025-02-25
경기도,이천시,황무로,,경기도 이천시 부발읍 죽당리 583-6,236,1,N,N,37.27893343,127.5122156,2,6,9,N,N,N,,,N,N,N,N,경기도 이천시청,031-644-2443,2025-02-25
경기도,이천시,황무로,,경기도 이천시 부발읍 죽당리 1519,237,1,N,N,37.2734399974,127.5131807,2,6,7.2,N,N,N,,,N,N,N,N,경기도 이천시청,031-644-2443,2025-02-25
경기도,이천시,황무로,,경기도 이천시 부발읍 죽당리 475-2,238,1,N,N,37.27392323,127.5159435,3,4,10,Y,N,N,,,N,N,N,Y,경기도 이천시청,031-644-2443,2025-02-25
경기도,이천시,황무로,,경기도 이천시 부발읍 아미리 1-9,239,1,N,N,37.27010504,127.5184559,3,6,15.2,Y,N,N,,,N,N,N,N,경기도 이천시청,031-644-2443,2025-02-25
경기도,이천시,황무로,,경기도 이천시 부발읍 송온리 151-6,240,1,N,N,37.25810688,127.517336,2,6,7,N,N,N,,,N,N,N,N,경기도 이천시청,031-644-2443,2025-02-25
경기도,이천시,황무로,,경기도 이천시 부발읍 송온리 249-2,241,1,N,N,37.25422144,127.5158457,2,4,7,Y,N,N,,,N,N,N,N,경기도 이천시청,031-644-2443,2025-02-25
경기도,이천시,황무로,,경기도 이천시 부발읍 가산리 408-4,242,1,N,N,37.25001884,127.5154779,4,6,14,N,N,N,,,N,Y,N,N,경기도 이천시청,031-644-2443,2025-02-25
경기도,이천시,황무로,,경기도 이천시 부발읍 가산리 408-4,243,1,N,N,37.25001884,127.5154779,5,6,18,Y,N,N,,,N,Y,Y,Y,경기도 이천시청,031-644-2443,2025-02-25
경기도,이천시,황무로,,경기도 이천시 부발읍 가산리 403-3,244,1,N,N,37.24895103,127.5143204,4,6,14,N,N,N,,,N,Y,N,N,경기도 이천시청,031-644-2443,2025-02-25
경기도,이천시,황무로,,경기도 이천시 부발읍 가산리 374-15,245,1,N,N,37.24783643,127.5128483,5,6,17.8,N,N,N,,,N,Y,N,N,경기도 이천시청,031-644-2443,2025-02-25
경기도,이천시,황무로,,경기도 이천시 부발읍 가산리 467-5,246,1,N,N,37.24472595,127.5113315,4,6,14,N,N,N,,,N,Y,N,N,경기도 이천시청,031-644-2443,2025-02-25
경기도,이천시,황무로,,경기도 이천시 부발읍 가산리 468-11,247,1,N,N,37.24227457,127.5114171,5,6,22,Y,N,N,,,N,N,N,N,경기도 이천시청,031-644-2443,2025-02-25
경기도,이천시,황무로,,경기도 이천시 부발읍 가산리 470-10,248,1,N,N,37.24088978,127.5114585,5,6,19.2,Y,N,N,,,N,Y,N,Y,경기도 이천시청,031-644-2443,2025-02-25
경기도,이천시,황무로,,경기도 이천시 부발읍 가산리 473-4,249,1,N,N,37.24030143,127.5113212,1,4,5,N,N,N,,,N,Y,Y,N,경기도 이천시청,031-644-2443,2025-02-25
경기도,이천시,대월로,,경기도 이천시 대월면 사동리 377-4,250,1,N,N,37.24264108,127.4993687,4,6,14,Y,N,N,,,Y,Y,Y,N,경기도 이천시청,031-644-2443,2025-02-25
경기도,이천시,대월로,,경기도 이천시 대월면 사동리 24-2,251,1,N,N,37.23907356,127.4961883,5,6,16,Y,N,N,,,N,Y,N,Y,경기도 이천시청,031-644-2443,2025-02-25
경기도,이천시,대월로,,경기도 이천시 대월면 초지리 166-2,252,1,N,N,37.2360306,127.4962365,6,6,29.4,Y,N,N,,,N,Y,N,Y,경기도 이천시청,031-644-2443,2025-02-25
경기도,이천시,대월로,,경기도 이천시 대월면 사동리 산41-6,253,1,N,N,37.23429688,127.4958823,7,6,19.2,Y,N,N,,,Y,Y,N,Y,경기도 이천시청,031-644-2443,2025-02-25
경기도,이천시,대월로,,경기도 이천시 대월면 사동리 174-4,254,1,N,N,37.23338829,127.4947276,7,6,19,Y,N,N,,,Y,Y,N,Y,경기도 이천시청,031-644-2443,2025-02-25
경기도,이천시,대월로,,경기도 이천시 대월면 초지리 225-26,255,1,N,N,37.23063412,127.4934098,5,6,16.6,Y,N,N,,,N,Y,N,Y,경기도 이천시청,031-644-2443,2025-02-25
경기도,이천시,대월로,,경기도 이천시 대월면 초지리 599,256,1,N,N,37.23009102,127.4933806,4,6,14.2,Y,N,N,,,N,Y,N,Y,경기도 이천시청,031-644-2443,2025-02-25
경기도,이천시,대월로,,경기도 이천시 대월면 초지리 211-1,257,1,N,N,37.22765377,127.4947351,4,6,13.2,Y,N,N,,,N,Y,N,Y,경기도 이천시청,031-644-2443,2025-02-25
경기도,이천시,대월로,,경기도 이천시 대월면 초지리 산61-10,258,1,N,N,37.22400008,127.4969105,4,4,13,Y,N,N,,,N,Y,N,Y,경기도 이천시청,031-644-2443,2025-02-25
경기도,이천시,대월로,,경기도 이천시 대월면 초지리 460-7,259,1,N,N,37.22349404,127.4973591,5,4,18.8,Y,N,N,,,N,Y,N,Y,경기도 이천시청,031-644-2443,2025-02-25
경기도,이천시,대월로,,경기도 이천시 대월면 초지리 655,260,1,N,N,37.21795872,127.4951499,2,6,7,N,N,N,,,N,Y,N,N,경기도 이천시청,031-644-2443,2025-02-25
경기도,이천시,대월로,,경기도 이천시 대월면 구시리 산41-3,261,1,N,N,37.20739527,127.4988121,2,4,6.8,N,N,N,,,N,N,N,N,경기도 이천시청,031-644-2443,2025-02-25
경기도,이천시,대월로,,경기도 이천시 대월면 구시리 산82-4,262,1,N,N,37.2019491,127.4997621,2,4,8,N,N,N,,,N,N,N,N,경기도 이천시청,031-644-2443,2025-02-25
경기도,이천시,대월로,,경기도 이천시 대월면 군량리 483-7,263,1,N,N,37.1910048,127.4989059,5,6,17.8,Y,N,N,,,N,N,N,Y,경기도 이천시청,031-644-2443,2025-02-25
경기도,이천시,대월로,,경기도 이천시 대월면 군량리 561-1,264,1,N,N,37.18902393,127.4977349,5,6,18.2,Y,N,N,,,N,N,N,Y,경기도 이천시청,031-644-2443,2025-02-25
경기도,이천시,청백리로,,경기도 이천시 백사면 모전리 89-2,265,1,N,N,37.30240644,127.4626267,3,4,25.2,Y,N,N,25,,N,Y,Y,N,경기도 이천시청,031-644-2443,2025-02-25
경기도,이천시,청백리로,,경기도 이천시 백사면 도지리 13-1,266,1,N,Y,37.30773261,127.4832024,2,4,6.4,Y,Y,Y,15,,N,Y,Y,Y,경기도 이천시청,031-644-2443,2025-02-25
경기도,이천시,원적로,,경기도 이천시 송정동 209-2,267,1,N,N,37.30237781,127.4380193,5,8,17.2,Y,N,N,20,,Y,Y,Y,Y,경기도 이천시청,031-644-2443,2025-02-25
경기도,이천시,원적로,,경기도 이천시 신둔면 도암리 1244-1,268,1,N,N,37.30590858,127.4377436,6,8,22.8,Y,N,N,25,,N,Y,Y,Y,경기도 이천시청,031-644-2443,2025-02-25
경기도,이천시,원적로,,경기도 이천시 신둔면 도암리 817,269,1,N,N,37.30923927,127.4374373,7,8,23,Y,N,N,25,,Y,Y,Y,Y,경기도 이천시청,031-644-2443,2025-02-25
경기도,이천시,원적로,,경기도 이천시 신둔면 도암리 558-6,270,1,N,N,37.31196832,127.4374315,6,6,20.4,Y,N,N,25,,Y,Y,Y,Y,경기도 이천시청,031-644-2443,2025-02-25
경기도,이천시,원적로,,경기도 이천시 신둔면 도암리 550-11,271,1,N,N,37.31310727,127.4375955,6,6,20.4,Y,N,N,25,,Y,Y,Y,Y,경기도 이천시청,031-644-2443,2025-02-25
경기도,이천시,원적로,,경기도 이천시 신둔면 도암리 479-1,272,1,N,N,37.31409689,127.4379656,5,8,17.2,Y,N,N,20,,N,Y,Y,Y,경기도 이천시청,031-644-2443,2025-02-25
경기도,이천시,원적로,,경기도 이천시 신둔면 도암리 288-8,273,1,N,N,37.31858217,127.4386469,3,6,11.2,Y,N,Y,15,,Y,Y,Y,Y,경기도 이천시청,031-644-2443,2025-02-25
경기도,이천시,원적로,,경기도 이천시 신둔면 도암리 307-1,274,1,N,N,37.31984441,127.4390305,3,4,10.2,Y,N,Y,15,,Y,Y,Y,Y,경기도 이천시청,031-644-2443,2025-02-25
경기도,이천시,원적로,,경기도 이천시 신둔면 도암리 306-1,275,1,N,N,37.3198267,127.4387962,3,4,10.2,Y,N,Y,,,Y,Y,Y,Y,경기도 이천시청,031-644-2443,2025-02-25
경기도,이천시,원적로,,경기도 이천시 신둔면 도암리 265-5,276,1,N,N,37.31985006,127.434769,3,6,13.8,Y,N,Y,,,N,N,N,N,경기도 이천시청,031-644-2443,2025-02-25
경기도,이천시,원적로,,경기도 이천시 신둔면 도암리 1274,277,1,N,N,37.31976288,127.434328,4,6,10.8,Y,N,N,,,N,N,N,N,경기도 이천시청,031-644-2443,2025-02-25
경기도,이천시,원적로,,경기도 이천시 신둔면 수하리 476,278,1,N,N,37.31774143,127.4244114,2,6,12,Y,N,N,,,N,N,N,Y,경기도 이천시청,031-644-2443,2025-02-25
경기도,이천시,남정로,,경기도 이천시 신둔면 남정리 산14-4,279,1,N,N,37.31765747,127.4129088,4,6,14.2,Y,N,N,,,N,Y,Y,Y,경기도 이천시청,031-644-2443,2025-02-25
경기도,이천시,남정로,,경기도 이천시 신둔면 남정리 585-15,280,1,N,N,37.31626312,127.4096083,4,6,14.2,Y,N,N,,,N,Y,Y,Y,경기도 이천시청,031-644-2443,2025-02-25
경기도,이천시,남정로,,경기도 이천시 신둔면 수광리 산32-11,282,1,N,N,37.31265747,127.4019962,5,5,17.6,Y,N,N,,,N,Y,Y,Y,경기도 이천시청,031-644-2443,2025-02-25
경기도,이천시,대산로,,경기도 이천시 부발읍 산촌리 426-3,283,1,N,N,37.26906839,127.4899663,2,6,7.2,Y,N,N,,,N,Y,Y,Y,경기도 이천시청,031-644-2443,2025-02-25
경기도,이천시,대산로,,경기도 이천시 부발읍 산촌리 383-1,284,1,N,N,37.26823304,127.488907,2,6,7.2,Y,N,N,,,N,Y,Y,N,경기도 이천시청,031-644-2443,2025-02-25
경기도,이천시,대산로,,경기도 이천시 부발읍 신하리 369,285,1,N,Y,37.26098981,127.4794255,2,6,6,Y,N,N,,,N,Y,Y,Y,경기도 이천시청,031-644-2443,2025-02-25
경기도,이천시,대산로,,경기도 이천시 부발읍 신하리 369,286,1,N,N,37.26098981,127.4794255,3,4,9,Y,N,N,,,N,N,N,N,경기도 이천시청,031-644-2443,2025-02-25
경기도,이천시,대산로,,경기도 이천시 부발읍 신하리 산44-1,287,1,N,N,37.25975481,127.4784337,2,6,6.4,Y,N,N,,,Y,Y,Y,N,경기도 이천시청,031-644-2443,2025-02-25
경기도,이천시,대산로,,경기도 이천시 대월면 대흥리 1-15,288,1,N,N,37.24610219,127.4754624,2,4,7,Y,N,N,,,N,Y,N,N,경기도 이천시청,031-644-2443,2025-02-25
경기도,이천시,대산로,,경기도 이천시 대월면 대흥리 1-14,289,1,N,N,37.24576409,127.475997,2,4,7,Y,N,N,,,N,Y,N,N,경기도 이천시청,031-644-2443,2025-02-25
경기도,이천시,대산로,,경기도 이천시 대월면 대흥리 산12-2,290,1,N,N,37.24301637,127.4763443,3,4,10.2,Y,N,N,,,N,Y,N,N,경기도 이천시청,031-644-2443,2025-02-25
경기도,이천시,이섭대천로,,경기도 이천시 호법면 유산리 207,291,1,N,N,37.2439909,127.4406293,6,8,19.4,Y,N,N,,,N,Y,Y,Y,경기도 이천시청,031-644-2443,2025-02-25
경기도,이천시,이섭대천로,,경기도 이천시 호법면 유산리 855,292,1,N,N,37.24802008,127.4407967,6,8,19.4,Y,N,N,,,N,Y,Y,Y,경기도 이천시청,031-644-2443,2025-02-25
경기도,이천시,이섭대천로,,경기도 이천시 호법면 유산리 355-6,293,1,N,N,37.24679548,127.439941,5,8,20,Y,N,N,,,N,Y,Y,N,경기도 이천시청,031-644-2443,2025-02-25
경기도,이천시,이섭대천로,,경기도 이천시 호법면 유산리 130-5,294,1,N,N,37.24484735,127.4387154,5,4,19,Y,N,N,,,Y,Y,Y,Y,경기도 이천시청,031-644-2443,2025-02-25
경기도,이천시,이섭대천로,,경기도 이천시 호법면 유산리 263-1,295,1,N,N,37.2420847,127.4407021,7,6,28.2,Y,N,N,,,N,Y,Y,Y,경기도 이천시청,031-644-2443,2025-02-25
경기도,이천시,이섭대천로,,경기도 이천시 호법면 유산리 316-2,296,1,N,N,37.2389316,127.4391299,7,6,26.8,Y,N,N,,,N,Y,Y,Y,경기도 이천시청,031-644-2443,2025-02-25
경기도,이천시,이섭대천로,,경기도 이천시 호법면 유산리 587-12,297,1,N,N,37.23661043,127.4357055,6,6,23.8,Y,N,Y,,,Y,Y,Y,Y,경기도 이천시청,031-644-2443,2025-02-25
경기도,이천시,이섭대천로,,경기도 이천시 호법면 후안리 49-11,298,1,N,N,37.23124664,127.4339373,7,6,26,Y,N,N,,,N,Y,Y,Y,경기도 이천시청,031-644-2443,2025-02-25
경기도,이천시,이섭대천로,,경기도 이천시 호법면 후안리 산1-5,299,1,N,N,37.22973473,127.4332175,6,6,24.8,Y,N,N,,,Y,Y,Y,N,경기도 이천시청,031-644-2443,2025-02-25
경기도,이천시,이섭대천로,,경기도 이천시 호법면 후안리 199,300,1,N,N,37.22472202,127.4292741,5,6,18.8,Y,N,N,,,Y,Y,Y,Y,경기도 이천시청,031-644-2443,2025-02-25
경기도,이천시,이섭대천로,,경기도 이천시 호법면 후안리 197-11,301,1,N,N,37.22291585,127.4279399,6,6,23,Y,N,Y,,,Y,Y,Y,Y,경기도 이천시청,031-644-2443,2025-02-25
경기도,이천시,이섭대천로,,경기도 이천시 호법면 후안리 144-7,302,1,N,N,37.22048887,127.4257536,5,6,18.8,Y,N,N,,,Y,Y,Y,Y,경기도 이천시청,031-644-2443,2025-02-25
경기도,이천시,이섭대천로,,경기도 이천시 호법면 후안리 525-12,303,1,N,N,37.21748698,127.4182423,5,8,20.8,Y,Y,N,,,N,Y,Y,Y,경기도 이천시청,031-644-2443,2025-02-25
경기도,이천시,이섭대천로,,경기도 이천시 호법면 후안리 528-10,304,1,N,N,37.21772063,127.4166408,7,6,25,Y,N,N,,,N,Y,Y,Y,경기도 이천시청,031-644-2443,2025-02-25
경기도,이천시,이섭대천로,,경기도 이천시 호법면 단천리 824-2,305,1,N,N,37.21811539,127.414494,6,6,23.2,Y,N,N,,,Y,Y,Y,Y,경기도 이천시청,031-644-2443,2025-02-25
경기도,이천시,이섭대천로,,경기도 이천시 호법면 단천리 360-5,306,1,N,N,37.21813363,127.3973012,6,6,20.8,Y,N,N,,,Y,Y,Y,Y,경기도 이천시청,031-644-2443,2025-02-25
경기도,이천시,이섭대천로,,경기도 이천시 호법면 매곡리 1182-8,307,1,N,N,37.21756069,127.3965436,6,8,26.2,Y,N,N,,,N,Y,Y,Y,경기도 이천시청,031-644-2443,2025-02-25
경기도,이천시,이섭대천로,,경기도 이천시 호법면 매곡리 1179-2,308,1,N,N,37.21592116,127.3941306,6,6,22.2,Y,N,N,,,N,Y,Y,Y,경기도 이천시청,031-644-2443,2025-02-25
경기도,이천시,이섭대천로,,경기도 이천시 호법면 매곡리 1184-11,309,1,N,N,37.21412078,127.3922224,6,6,23.6,Y,N,N,,,Y,Y,Y,Y,경기도 이천시청,031-644-2443,2025-02-25
경기도,이천시,이섭대천로,,경기도 이천시 호법면 매곡리 1184-11,310,1,N,N,37.21412078,127.3922224,6,6,23.6,Y,N,N,,,Y,Y,Y,Y,경기도 이천시청,031-644-2443,2025-02-25
경기도,이천시,이섭대천로,,경기도 이천시 호법면 매곡리 1170-5,311,1,N,N,37.2136889,127.3917279,6,6,22.8,Y,N,N,,,Y,Y,Y,Y,경기도 이천시청,031-644-2443,2025-02-25
경기도,이천시,이섭대천로,,경기도 이천시 호법면 매곡리 1170-5,312,1,N,N,37.2136889,127.3917279,7,6,28.8,Y,N,N,,,N,Y,Y,Y,경기도 이천시청,031-644-2443,2025-02-25
경기도,이천시,이섭대천로,,경기도 이천시 호법면 매곡리 265-2,313,1,N,N,37.21077258,127.3889775,5,6,19,Y,N,N,,,Y,Y,Y,Y,경기도 이천시청,031-644-2443,2025-02-25
경기도,이천시,이섭대천로,,경기도 이천시 호법면 매곡리 265-2,314,1,N,N,37.21077258,127.3889775,5,6,19,Y,N,N,,,Y,Y,Y,Y,경기도 이천시청,031-644-2443,2025-02-25
경기도,이천시,이섭대천로,,경기도 이천시 호법면 매곡리 554-1,315,1,N,N,37.20875129,127.3871653,4,4,15.6,Y,N,N,,,Y,Y,Y,Y,경기도 이천시청,031-644-2443,2025-02-25
경기도,이천시,이섭대천로,,경기도 이천시 호법면 매곡리 554-1,316,1,N,N,37.20875129,127.3871653,4,4,14.8,Y,N,N,,,Y,Y,Y,Y,경기도 이천시청,031-644-2443,2025-02-25
경기도,이천시,부발중앙로,,경기도 이천시 부발읍 무촌리 산19-4,317,1,N,N,37.27937852,127.4878482,3,6,12,Y,N,N,,,N,Y,Y,N,경기도 이천시청,031-644-2443,2025-02-25
경기도,이천시,부발중앙로,,경기도 이천시 부발읍 무촌리 131-10,318,1,N,N,37.27922635,127.4880136,3,6,12,Y,N,N,,,N,Y,Y,N,경기도 이천시청,031-644-2443,2025-02-25
경기도,이천시,공원로,,경기도 이천시 모가면 어농리 105-1,319,1,Y,N,37.17950437,127.4427382,4,4,12.4,Y,N,N,,,Y,Y,Y,Y,경기도 이천시청,031-644-2443,2025-02-25
경기도,이천시,공원로,,경기도 이천시 모가면 어농리 산21-4,320,1,N,N,37.1790742,127.4397672,6,4,16,Y,N,Y,,,Y,Y,Y,N,경기도 이천시청,031-644-2443,2025-02-25
경기도,이천시,남이천로,,경기도 이천시 호법면 송갈리 388-3,321,1,N,N,37.19553132,127.428618,3,4,9.4,Y,N,Y,,,Y,Y,Y,N,경기도 이천시청,031-644-2443,2025-02-25
경기도,이천시,대덕산로,,경기도 이천시 호법면 후안리 144-7,322,1,N,N,37.22048887,127.4257536,2,4,7.2,Y,N,N,,,Y,Y,Y,Y,경기도 이천시청,031-644-2443,2025-02-25
경기도,이천시,서이천로,,경기도 이천시 사음동 710,323,1,Y,N,37.30021196,127.4077116,4,6,14.6,Y,N,N,,,Y,Y,Y,N,경기도 이천시청,031-644-2443,2025-02-25
경기도,이천시,서이천로,,경기도 이천시 신둔면 수남리 10-3,324,1,N,N,37.29806587,127.4018013,5,6,16.8,Y,Y,N,,,Y,Y,Y,Y,경기도 이천시청,031-644-2443,2025-02-25
경기도,이천시,서이천로,,경기도 이천시 신둔면 수남리 202-3,325,1,N,N,37.29584137,127.3976612,5,6,21.6,Y,Y,N,,,Y,Y,Y,Y,경기도 이천시청,031-644-2443,2025-02-25
경기도,이천시,서이천로,,경기도 이천시 마장면 장암리 376-2,326,1,N,N,37.28280983,127.3983943,6,6,21.4,Y,Y,N,,,Y,Y,Y,Y,경기도 이천시청,031-644-2443,2025-02-25
경기도,이천시,서이천로,,경기도 이천시 마장면 장암리 278-8,327,1,N,N,37.27742913,127.3974638,7,6,24.2,Y,Y,N,,,N,N,N,Y,경기도 이천시청,031-644-2443,2025-02-25
경기도,이천시,서이천로,,경기도 이천시 마장면 장암리 185-1,328,1,N,N,37.2734574,127.4000744,5,6,19,Y,N,N,,,N,N,N,Y,경기도 이천시청,031-644-2443,2025-02-25
경기도,이천시,서이천로,,경기도 이천시 마장면 표교리 473-6,329,1,N,N,37.25508909,127.3901472,6,8,20.2,Y,N,N,,,N,N,N,Y,경기도 이천시청,031-644-2443,2025-02-25
경기도,이천시,프리미엄아울렛로,,경기도 이천시 마장면 표교리 540-1,330,1,N,N,37.25335043,127.3897031,7,6,32.8,Y,Y,Y,,,N,Y,Y,Y,경기도 이천시청,031-644-2443,2025-02-25
경기도,이천시,프리미엄아울렛로,,경기도 이천시 마장면 표교리 542,331,1,N,N,37.25302334,127.3896159,7,6,30.8,Y,Y,Y,,,N,Y,Y,Y,경기도 이천시청,031-644-2443,2025-02-25
경기도,이천시,프리미엄아울렛로,,경기도 이천시 마장면 표교리 683-6,332,1,Y,N,37.25122679,127.3887499,6,6,21,Y,Y,Y,,,N,Y,Y,Y,경기도 이천시청,031-644-2443,2025-02-25
경기도,이천시,프리미엄아울렛로,,경기도 이천시 마장면 표교리 산120-7,333,1,Y,N,37.25113387,127.3890044,5,6,21.6,Y,Y,Y,,,N,Y,Y,Y,경기도 이천시청,031-644-2443,2025-02-25
경기도,이천시,프리미엄아울렛로,,경기도 이천시 호법면 단천리 874,334,1,Y,N,37.24398926,127.3944473,8,6,29,Y,N,N,,,N,Y,Y,N,경기도 이천시청,031-644-2443,2025-02-25
경기도,이천시,프리미엄아울렛로,,경기도 이천시 호법면 단천리 874,335,1,Y,N,37.24398926,127.3944473,8,6,29,Y,Y,Y,,,N,Y,Y,N,경기도 이천시청,031-644-2443,2025-02-25
경기도,이천시,프리미엄아울렛로,,경기도 이천시 호법면 단천리 874,336,1,Y,N,37.24398926,127.3944473,6,6,21.2,Y,N,Y,,,N,Y,Y,Y,경기도 이천시청,031-644-2443,2025-02-25
경기도,이천시,프리미엄아울렛로,,경기도 이천시 호법면 단천리 874,337,1,Y,N,37.24398926,127.3944473,6,6,21.8,Y,N,Y,,,N,Y,Y,Y,경기도 이천시청,031-644-2443,2025-02-25
경기도,이천시,이섭대천로,,경기도 이천시 호법면 단천리 647-3,338,1,N,N,37.21835916,127.4149908,2,4,13,Y,N,N,,,Y,Y,Y,Y,경기도 이천시청,031-644-2443,2025-02-25
경기도,이천시,증신로,,경기도 이천시 증포동 149,339,1,N,N,37.28927359,127.452909,4,8,22,Y,N,N,,,N,Y,Y,Y,경기도 이천시청,031-644-2443,2025-02-25
경기도,이천시,증신로,,경기도 이천시 증포동 149,340,1,Y,N,37.28927359,127.452909,4,6,13.2,Y,N,N,,,N,Y,Y,Y,경기도 이천시청,031-644-2443,2025-02-25
경기도,이천시,증신로,,경기도 이천시 증포동 362-60,341,1,Y,N,37.29001965,127.4512652,4,6,14.4,Y,N,N,,,N,Y,Y,N,경기도 이천시청,031-644-2443,2025-02-25
경기도,이천시,증신로,,경기도 이천시 증포동 362-60,342,1,Y,N,37.29001965,127.4512652,4,6,13.2,Y,N,N,,,N,N,N,N,경기도 이천시청,031-644-2443,2025-02-25
경기도,이천시,증신로,,경기도 이천시 증포동 342-5,343,1,Y,N,37.29112372,127.4494631,6,6,15.8,Y,N,Y,,,N,Y,Y,Y,경기도 이천시청,031-644-2443,2025-02-25
경기도,이천시,증신로,,경기도 이천시 송정동 94-6,344,1,Y,N,37.29387524,127.4442399,5,8,15.8,Y,N,N,,,N,Y,Y,Y,경기도 이천시청,031-644-2443,2025-02-25
경기도,이천시,증신로,,경기도 이천시 송정동 108-3,345,1,Y,N,37.29443113,127.4430138,6,6,18.6,Y,N,N,,,N,Y,Y,Y,경기도 이천시청,031-644-2443,2025-02-25
경기도,이천시,증신로,,경기도 이천시 송정동 산16-3,346,1,N,N,37.2958012,127.4408001,6,8,20,Y,N,N,,,N,Y,N,Y,경기도 이천시청,031-644-2443,2025-02-25
경기도,이천시,증신로,,경기도 이천시 송정동 344-8,347,1,N,N,37.29671157,127.4397908,5,8,15.6,Y,N,N,,,N,Y,N,N,경기도 이천시청,031-644-2443,2025-02-25
경기도,이천시,증신로,,경기도 이천시 송정동 341,348,1,N,N,37.29814392,127.4390426,6,8,18.4,Y,N,N,,,N,Y,N,Y,경기도 이천시청,031-644-2443,2025-02-25
경기도,이천시,증신로,,경기도 이천시 송정동 189-2,349,1,N,N,37.2994799970,127.4385202,4,6,12.4,Y,N,N,,,N,Y,N,Y,경기도 이천시청,031-644-2443,2025-02-25
경기도,이천시,증신로,,경기도 이천시 송정동 191-5,350,1,N,N,37.30098175,127.4381339,4,8,15.2,Y,N,N,,,N,Y,Y,Y,경기도 이천시청,031-644-2443,2025-02-25
경기도,이천시,증신로,,경기도 이천시 송정동 178-1,351,1,N,N,37.30178884,127.4382134,5,8,16.4,Y,N,N,,,Y,Y,Y,Y,경기도 이천시청,031-644-2443,2025-02-25
경기도,이천시,설성로181번길,,경기도 이천시 설성면 장천리 119-3,352,1,N,N,37.1451002,127.5300423,3,4,14.8,Y,N,N,,,N,Y,N,N,경기도 이천시청,031-644-2443,2025-02-25
경기도,이천시,설성로,,경기도 이천시 설성면 금당리 173-2,353,1,N,N,37.13341953,127.5191576,3,5,13.6,Y,N,N,,,Y,Y,N,Y,경기도 이천시청,031-644-2443,2025-02-25
경기도,이천시,설성로,,경기도 이천시 설성면 금당리 143-4,354,1,N,N,37.13435314,127.5211686,3,5,13.6,Y,N,N,,,Y,Y,N,N,경기도 이천시청,031-644-2443,2025-02-25
경기도,이천시,설성로,,경기도 이천시 설성면 장천리 926-1,355,1,N,N,37.14391229,127.5287405,2,4,6.4,Y,N,N,,,N,N,N,N,경기도 이천시청,031-644-2443,2025-02-25
경기도,이천시,설성로,,경기도 이천시 설성면 장천리 119-3,356,1,N,N,37.1451002,127.5300423,3,6,13.8,Y,N,N,,,N,Y,N,Y,경기도 이천시청,031-644-2443,2025-02-25
경기도,이천시,설성로,,경기도 이천시 설성면 자석리 산77-3,357,1,N,N,37.16730753,127.5471841,3,4,11,Y,N,N,,,Y,Y,N,N,경기도 이천시청,031-644-2443,2025-02-25
경기도,이천시,설성로,,경기도 이천시 설성면 자석리 산77-3,358,1,N,N,37.16730753,127.5471841,3,4,11,Y,N,N,,,Y,Y,N,N,경기도 이천시청,031-644-2443,2025-02-25
경기도,이천시,구만리로,,경기도 이천시 진리동 374-4,360,1,N,N,37.26841421,127.4461561,7,8,22.6,Y,N,N,,,Y,Y,Y,Y,경기도 이천시청,031-644-2443,2025-02-25
경기도,이천시,구만리로,,경기도 이천시 진리동 430-1,361,1,Y,N,37.2733174,127.4533535,6,6,20.2,Y,N,N,,,Y,Y,Y,N,경기도 이천시청,031-644-2443,2025-02-25
경기도,이천시,구만리로,,경기도 이천시 진리동 430-1,362,1,Y,N,37.2733174,127.4533535,5,4,17,Y,N,N,,,Y,Y,Y,N,경기도 이천시청,031-644-2443,2025-02-25
경기도,이천시,구만리로,,경기도 이천시 안흥동 172-1,363,1,Y,N,37.27630736,127.4587162,6,4,18.8,Y,N,N,,,Y,Y,Y,Y,경기도 이천시청,031-644-2443,2025-02-25
경기도,이천시,구만리로,,경기도 이천시 안흥동 442-1,364,1,Y,N,37.27819929,127.4620652,5,8,16,Y,N,N,,,N,Y,Y,Y,경기도 이천시청,031-644-2443,2025-02-25
경기도,이천시,구만리로,,경기도 이천시 안흥동 442-1,365,1,Y,N,37.27819929,127.4620652,5,6,16,Y,N,N,,,N,Y,Y,Y,경기도 이천시청,031-644-2443,2025-02-25
경기도,이천시,구만리로,,경기도 이천시 안흥동 433,366,1,Y,N,37.27970274,127.4646829,4,6,13.6,Y,N,N,,,N,Y,Y,Y,경기도 이천시청,031-644-2443,2025-02-25
경기도,이천시,구만리로,,경기도 이천시 안흥동 433,367,1,N,N,37.27970274,127.4646829,4,8,13.6,Y,N,N,,,N,Y,Y,N,경기도 이천시청,031-644-2443,2025-02-25
경기도,이천시,구만리로,,경기도 이천시 안흥동 433,368,1,Y,N,37.27970274,127.4646829,4,6,13.6,Y,N,N,,,N,Y,Y,Y,경기도 이천시청,031-644-2443,2025-02-25
경기도,이천시,갈산로,,경기도 이천시 갈산동 751-1,369,1,N,N,37.28664954,127.4674051,2,5,7.2,Y,N,N,,,N,N,N,N,경기도 이천시청,031-644-2443,2025-02-25
경기도,이천시,갈산로,,경기도 이천시 갈산동 472-1,370,1,N,N,37.28904729,127.4628358,4,6,12.8,Y,N,N,,,N,Y,Y,Y,경기도 이천시청,031-644-2443,2025-02-25
경기도,이천시,갈산로,,경기도 이천시 증포동 93-6,371,1,N,Y,37.28910452,127.4595381,2,6,6.2,Y,N,N,,,N,Y,Y,N,경기도 이천시청,031-644-2443,2025-02-25
경기도,이천시,갈산로,,경기도 이천시 증포동 93-6,372,1,N,Y,37.28910452,127.4595381,2,3,6.2,Y,N,Y,,,Y,Y,Y,Y,경기도 이천시청,031-644-2443,2025-02-25
경기도,이천시,갈산로,,경기도 이천시 증포동 93-6,373,1,N,Y,37.28910452,127.4595381,2,3,6.2,Y,N,Y,,,Y,Y,Y,Y,경기도 이천시청,031-644-2443,2025-02-25
경기도,이천시,갈산로,,경기도 이천시 증포동 93-6,374,1,N,N,37.28910452,127.4595381,2,6,9.6,Y,N,N,,,N,Y,Y,Y,경기도 이천시청,031-644-2443,2025-02-25
경기도,이천시,갈산로,,경기도 이천시 증포동 93-6,375,1,N,N,37.28910452,127.4595381,4,6,12.4,Y,N,N,,,N,Y,Y,Y,경기도 이천시청,031-644-2443,2025-02-25
경기도,이천시,갈산로,,경기도 이천시 증포동 산65-5,376,1,N,N,37.28920287,127.4565387,4,6,14,Y,N,N,,,N,Y,N,Y,경기도 이천시청,031-644-2443,2025-02-25
경기도,이천시,대장로,,경기도 이천시 대포동 768-5,377,1,N,N,37.21427856,127.4514034,2,4,6.8,Y,N,N,,,Y,Y,N,N,경기도 이천시청,031-644-2443,2025-02-25
경기도,이천시,설봉로,,경기도 이천시 관고동 511,378,1,Y,N,37.27730881,127.4370413,3,6,10,Y,N,N,,,N,Y,Y,N,경기도 이천시청,031-644-2443,2025-02-25
경기도,이천시,설봉로,,경기도 이천시 관고동 511,379,1,N,N,37.27730881,127.4370413,3,6,9.8,Y,N,N,,,N,Y,Y,N,경기도 이천시청,031-644-2443,2025-02-25
경기도,이천시,설봉로,,경기도 이천시 관고동 27,380,1,N,N,37.27920966,127.4375734,2,8,10.6,Y,N,N,,,N,Y,Y,N,경기도 이천시청,031-644-2443,2025-02-25
경기도,이천시,설봉로,,경기도 이천시 관고동 27,381,1,N,N,37.27920966,127.4375734,2,6,10.6,N,N,N,,,N,Y,Y,N,경기도 이천시청,031-644-2443,2025-02-25
경기도,이천시,설봉로,,경기도 이천시 관고동 27,382,1,N,N,37.27920966,127.4375734,2,6,11,N,N,N,,,N,Y,Y,N,경기도 이천시청,031-644-2443,2025-02-25
경기도,이천시,설봉로,,경기도 이천시 관고동 27,383,1,N,N,37.27920966,127.4375734,2,4,9,N,N,N,,,N,Y,N,N,경기도 이천시청,031-644-2443,2025-02-25
경기도,이천시,설봉로,,경기도 이천시 관고동 28,384,1,N,N,37.2820417,127.4378491,2,6,12.6,N,N,N,,,N,Y,Y,N,경기도 이천시청,031-644-2443,2025-02-25
경기도,이천시,설봉로,,경기도 이천시 관고동 28,385,1,N,N,37.2820417,127.4378491,2,4,12.6,N,N,N,,,N,Y,Y,N,경기도 이천시청,031-644-2443,2025-02-25
경기도,이천시,설봉로,,경기도 이천시 관고동 28,386,1,N,N,37.2820417,127.4378491,2,4,11,Y,N,Y,,,Y,Y,Y,N,경기도 이천시청,031-644-2443,2025-02-25
경기도,이천시,설봉로,,경기도 이천시 관고동 28,387,1,N,N,37.2820417,127.4378491,2,4,11,Y,N,Y,,,Y,Y,Y,N,경기도 이천시청,031-644-2443,2025-02-25
경기도,이천시,설봉로,,경기도 이천시 관고동 28,388,1,N,N,37.2820417,127.4378491,2,6,7.4,N,N,N,,,N,Y,N,N,경기도 이천시청,031-644-2443,2025-02-25
경기도,이천시,설봉로,,경기도 이천시 창전동 479,389,1,N,N,37.28463415,127.4439125,2,6,7.4,N,N,N,,,N,Y,N,N,경기도 이천시청,031-644-2443,2025-02-25
경기도,이천시,설봉로,,경기도 이천시 창전동 산9-32,390,1,N,N,37.28631335,127.4394497,2,4,8.4,N,N,N,,,N,Y,Y,N,경기도 이천시청,031-644-2443,2025-02-25
경기도,이천시,설봉로,,경기도 이천시 창전동 산9-32,391,1,N,N,37.28631335,127.4394497,2,4,9,N,N,N,,,N,Y,Y,N,경기도 이천시청,031-644-2443,2025-02-25
경기도,이천시,설봉로,,경기도 이천시 창전동 산8-13,392,1,N,N,37.28602131,127.4433488,2,4,9,N,N,N,,,N,Y,Y,N,경기도 이천시청,031-644-2443,2025-02-25
경기도,이천시,설봉로,,경기도 이천시 창전동 298-135,393,1,N,N,37.28625562,127.4440479,2,4,9,N,N,N,,,N,Y,Y,N,경기도 이천시청,031-644-2443,2025-02-25
경기도,이천시,설봉로,,경기도 이천시 창전동 산8-14,394,1,N,N,37.2862536,127.4453005,2,4,9,N,N,N,,,N,Y,Y,N,경기도 이천시청,031-644-2443,2025-02-25
경기도,이천시,설봉로,,경기도 이천시 창전동 476,395,1,N,N,37.28611557,127.4392286,2,2.5,11,N,N,N,,,N,Y,Y,N,경기도 이천시청,031-644-2443,2025-02-25
경기도,이천시,서희로,,경기도 이천시 중리동 478,396,1,Y,N,37.27643134,127.4416012,3,6,10.6,Y,N,N,,,N,Y,Y,Y,경기도 이천시청,031-644-2443,2025-02-25
경기도,이천시,서희로,,경기도 이천시 중리동 478,397,1,N,N,37.27643134,127.4416012,2,8,8,N,N,N,,,N,Y,Y,N,경기도 이천시청,031-644-2443,2025-02-25
경기도,이천시,서희로,,경기도 이천시 중리동 236,398,1,N,N,37.27757901,127.441596,2,6,7,N,N,N,,,N,Y,Y,N,경기도 이천시청,031-644-2443,2025-02-25
경기도,이천시,서희로,,경기도 이천시 중리동 236,399,1,N,N,37.27757901,127.441596,2,6,11.8,N,N,N,,,N,Y,Y,N,경기도 이천시청,031-644-2443,2025-02-25
경기도,이천시,서희로,,경기도 이천시 중리동 236,400,1,N,N,37.27757901,127.441596,2,6,11.8,N,N,N,,,N,Y,Y,N,경기도 이천시청,031-644-2443,2025-02-25
경기도,이천시,서희로,,경기도 이천시 중리동 236,401,1,Y,N,37.27757901,127.441596,3,6,10.8,Y,N,N,,,N,Y,Y,Y,경기도 이천시청,031-644-2443,2025-02-25
경기도,이천시,서희로,,경기도 이천시 창전동 171,402,1,N,N,37.28102263,127.4451998,4,4,10.8,Y,N,N,,,N,Y,N,Y,경기도 이천시청,031-644-2443,2025-02-25
경기도,이천시,서희로,,경기도 이천시 창전동 171,403,1,N,N,37.28102263,127.4451998,4,8,10.8,Y,N,N,,,N,Y,N,N,경기도 이천시청,031-644-2443,2025-02-25
경기도,이천시,서희로,,경기도 이천시 창전동 171,404,1,N,N,37.28102263,127.4451998,2,4,10.8,Y,N,Y,,,Y,Y,Y,Y,경기도 이천시청,031-644-2443,2025-02-25
경기도,이천시,서희로,,경기도 이천시 창전동 171,405,1,N,N,37.28102263,127.4451998,3,4,10.8,Y,N,Y,,,Y,Y,Y,Y,경기도 이천시청,031-644-2443,2025-02-25
경기도,이천시,서희로,,경기도 이천시 창전동 479,406,1,N,N,37.28463415,127.4439125,2,6,7.8,N,N,N,,,N,Y,Y,N,경기도 이천시청,031-644-2443,2025-02-25
경기도,이천시,서희로,,경기도 이천시 창전동 479,407,1,Y,N,37.28463415,127.4439125,2,4,7.8,N,N,N,,,N,Y,Y,N,경기도 이천시청,031-644-2443,2025-02-25
경기도,이천시,서희로,,경기도 이천시 창전동 479,408,1,N,N,37.28463415,127.4439125,1,2.5,6.6,N,N,N,,,N,Y,N,N,경기도 이천시청,031-644-2443,2025-02-25
경기도,이천시,서희로,,경기도 이천시 창전동 476,409,1,N,N,37.28611557,127.4392286,1,2.5,15.4,N,N,N,,,N,Y,N,N,경기도 이천시청,031-644-2443,2025-02-25
경기도,이천시,어재연로,,경기도 이천시 중리동 236,410,1,N,N,37.27757901,127.441596,2,6,7.8,N,N,N,,,N,Y,Y,N,경기도 이천시청,031-644-2443,2025-02-25
경기도,이천시,어재연로,,경기도 이천시 중리동 236,411,1,N,N,37.27757901,127.441596,2,4,7.8,N,N,N,,,N,Y,Y,N,경기도 이천시청,031-644-2443,2025-02-25
경기도,이천시,어재연로,,경기도 이천시 중리동 236,412,1,N,N,37.27757901,127.441596,2,4,7.8,N,N,N,,,N,Y,Y,N,경기도 이천시청,031-644-2443,2025-02-25
경기도,이천시,어재연로,,경기도 이천시 중리동 236,413,1,N,N,37.27757901,127.441596,2,6,7.8,N,N,N,,,N,Y,Y,N,경기도 이천시청,031-644-2443,2025-02-25
경기도,이천시,어재연로,,경기도 이천시 중리동 236,414,1,N,N,37.27757901,127.441596,2,6,7.8,Y,N,Y,,,N,Y,Y,N,경기도 이천시청,031-644-2443,2025-02-25
경기도,이천시,어재연로,,경기도 이천시 창전동 171,415,1,N,N,37.28102263,127.4451998,2,7,7.2,Y,N,Y,,,N,Y,Y,N,경기도 이천시청,031-644-2443,2025-02-25
경기도,이천시,어재연로,,경기도 이천시 창전동 171,416,1,N,N,37.28102263,127.4451998,2,6,7.6,N,N,N,,,N,Y,N,N,경기도 이천시청,031-644-2443,2025-02-25
경기도,이천시,어재연로,,경기도 이천시 창전동 171,417,1,N,N,37.28102263,127.4451998,2,4,7.6,N,N,N,,,N,N,N,N,경기도 이천시청,031-644-2443,2025-02-25
경기도,이천시,어재연로,,경기도 이천시 창전동 171,418,1,N,N,37.28102263,127.4451998,2,6,7.6,Y,N,Y,,,N,Y,Y,N,경기도 이천시청,031-644-2443,2025-02-25
경기도,이천시,이섭대천로,,경기도 이천시 율현동 535,419,1,N,N,37.25524326,127.444392,7,6,23.4,Y,N,N,,,N,Y,Y,Y,경기도 이천시청,031-644-2443,2025-02-25
경기도,이천시,이섭대천로,,경기도 이천시 율현동 525,420,1,N,N,37.2613121,127.4459534,7,8,21.8,Y,N,N,,,N,Y,Y,Y,경기도 이천시청,031-644-2443,2025-02-25
경기도,이천시,이섭대천로,,경기도 이천시 율현동 512,421,1,N,N,37.26131227,127.4461038,7,8,21.8,Y,N,N,,,N,Y,Y,Y,경기도 이천시청,031-644-2443,2025-02-25
경기도,이천시,이섭대천로,,경기도 이천시 율현동 520,422,1,Y,N,37.26582147,127.4456313,7,5,22.2,Y,N,N,,,Y,Y,Y,N,경기도 이천시청,031-644-2443,2025-02-25
경기도,이천시,이섭대천로,,경기도 이천시 진리동 454-1,423,1,Y,N,37.26853802,127.4458281,7,7,21.8,Y,N,N,,,Y,Y,Y,N,경기도 이천시청,031-644-2443,2025-02-25
경기도,이천시,이섭대천로,,경기도 이천시 진리동 454-1,424,1,N,N,37.26853802,127.4458281,7,8,21.8,Y,N,N,,,Y,Y,Y,Y,경기도 이천시청,031-644-2443,2025-02-25
경기도,이천시,이섭대천로,,경기도 이천시 진리동 450-1,425,1,N,N,37.27054984,127.4460209,6,8,21.6,N,N,N,,,N,Y,Y,N,경기도 이천시청,031-644-2443,2025-02-25
경기도,이천시,이섭대천로,,경기도 이천시 중리동 408-1,427,1,Y,N,37.27434837,127.4472195,6,7,23,Y,N,Y,,,Y,Y,Y,Y,경기도 이천시청,031-644-2443,2025-02-25
경기도,이천시,이섭대천로,,경기도 이천시 중리동 236,428,1,Y,N,37.27757901,127.441596,5,2.5,22.8,Y,N,N,,,N,Y,Y,N,경기도 이천시청,031-644-2443,2025-02-25
경기도,이천시,이섭대천로,,경기도 이천시 중리동 236,429,1,N,N,37.27757901,127.441596,4,6,13.8,Y,N,N,,,N,Y,Y,N,경기도 이천시청,031-644-2443,2025-02-25
경기도,이천시,이섭대천로,,경기도 이천시 중리동 236,430,1,N,N,37.27757901,127.441596,4,6,12.8,Y,N,N,,,N,Y,Y,N,경기도 이천시청,031-644-2443,2025-02-25
경기도,이천시,이섭대천로,,경기도 이천시 중리동 236,431,1,N,N,37.27757901,127.441596,4,8,12.8,Y,N,Y,,,N,Y,Y,N,경기도 이천시청,031-644-2443,2025-02-25
경기도,이천시,이섭대천로,,경기도 이천시 창전동 171,432,1,Y,N,37.28102263,127.4451998,5,6,12.8,Y,N,Y,,,Y,Y,Y,N,경기도 이천시청,031-644-2443,2025-02-25
경기도,이천시,이섭대천로,,경기도 이천시 창전동 171,433,1,N,N,37.28102263,127.4451998,4,6,12.8,N,N,N,,,N,Y,Y,N,경기도 이천시청,031-644-2443,2025-02-25
경기도,이천시,이섭대천로,,경기도 이천시 창전동 171,434,1,N,N,37.28102263,127.4451998,4,6,12.8,Y,N,Y,,,N,Y,N,N,경기도 이천시청,031-644-2443,2025-02-25
경기도,이천시,이섭대천로,,경기도 이천시 창전동 171,435,1,N,N,37.28102263,127.4451998,4,6,12.8,Y,N,Y,,,N,Y,Y,N,경기도 이천시청,031-644-2443,2025-02-25
경기도,이천시,이섭대천로,,경기도 이천시 창전동 171,436,1,N,N,37.28102263,127.4451998,4,8,12.8,N,N,N,,,N,Y,Y,N,경기도 이천시청,031-644-2443,2025-02-25
경기도,이천시,이섭대천로,,경기도 이천시 창전동 171,437,1,N,N,37.28102263,127.4451998,4,4,12.8,N,N,N,,,N,Y,Y,N,경기도 이천시청,031-644-2443,2025-02-25
경기도,이천시,이섭대천로,,경기도 이천시 창전동 479,438,1,Y,N,37.28463415,127.4439125,4,7,14.4,Y,N,Y,,,N,Y,Y,Y,경기도 이천시청,031-644-2443,2025-02-25
경기도,이천시,이섭대천로,,경기도 이천시 창전동 479,439,1,Y,N,37.28463415,127.4439125,5,7,19.8,Y,N,Y,,,N,Y,Y,Y,경기도 이천시청,031-644-2443,2025-02-25
경기도,이천시,이섭대천로,,경기도 이천시 창전동 479,440,1,N,N,37.28463415,127.4439125,4,6,12,Y,N,N,,,N,Y,Y,Y,경기도 이천시청,031-644-2443,2025-02-25
경기도,이천시,이섭대천로,,경기도 이천시 창전동 479,441,1,N,N,37.28463415,127.4439125,4,6,12,N,N,N,,,N,Y,Y,N,경기도 이천시청,031-644-2443,2025-02-25
경기도,이천시,이섭대천로,,경기도 이천시 창전동 479,442,1,Y,N,37.28463415,127.4439125,4,7,11.6,Y,N,Y,,,N,Y,Y,Y,경기도 이천시청,031-644-2443,2025-02-25
경기도,이천시,이섭대천로,,경기도 이천시 증포동 394-4,443,1,Y,N,37.28637993,127.4503008,4,7,13,Y,N,Y,,,N,Y,Y,Y,경기도 이천시청,031-644-2443,2025-02-25
경기도,이천시,이섭대천로,,경기도 이천시 증포동 450-6,444,1,N,N,37.28710068,127.4510459,6,6,18,Y,N,N,,,N,Y,Y,Y,경기도 이천시청,031-644-2443,2025-02-25
경기도,이천시,이섭대천로,,경기도 이천시 증포동 151-9,445,1,N,N,37.28860828,127.4526561,5,8,17.2,Y,N,Y,,,Y,Y,Y,N,경기도 이천시청,031-644-2443,2025-02-25
경기도,이천시,이섭대천로,,경기도 이천시 증포동 151-7,446,1,N,N,37.29010814,127.4539281,5,8,16.2,Y,N,Y,,,Y,Y,Y,N,경기도 이천시청,031-644-2443,2025-02-25
경기도,이천시,이섭대천로,,경기도 이천시 증포동 산28,447,1,N,N,37.29163571,127.4550199,6,8,19,Y,N,N,,,Y,Y,Y,Y,경기도 이천시청,031-644-2443,2025-02-25
경기도,이천시,이섭대천로,,경기도 이천시 증포동 산14-4,448,3,N,N,37.29253086,127.4553115,4,6,16.2,Y,N,N,,,N,Y,Y,Y,경기도 이천시청,031-644-2443,2025-02-25
경기도,이천시,이섭대천로,,경기도 이천시 증포동 434,449,3,N,N,37.2945498,127.4563794,4,6,16.2,Y,N,N,,,N,Y,Y,Y,경기도 이천시청,031-644-2443,2025-02-25
경기도,이천시,이섭대천로,,경기도 이천시 증포동 431-2,450,1,N,N,37.29610659,127.4572716,6,8,19.8,Y,N,N,,,N,Y,N,Y,경기도 이천시청,031-644-2443,2025-02-25
경기도,이천시,이섭대천로,,경기도 이천시 증포동 23-5,451,1,N,N,37.29710106,127.4578493,8,8,19,Y,N,N,,,N,Y,Y,Y,경기도 이천시청,031-644-2443,2025-02-25
경기도,이천시,이섭대천로,,경기도 이천시 증포동 14-2,452,1,N,N,37.29854974,127.4588734,5,8,21.4,Y,N,N,,,Y,Y,Y,Y,경기도 이천시청,031-644-2443,2025-02-25
경기도,이천시,애련정로,,경기도 이천시 안흥동 443,453,1,Y,N,37.27721296,127.4585325,2,6,7.8,Y,N,N,,,Y,Y,Y,N,경기도 이천시청,031-644-2443,2025-02-25
경기도,이천시,애련정로,,경기도 이천시 안흥동 461,454,1,N,N,37.27741634,127.4571331,2,4,6,N,N,N,,,N,Y,Y,N,경기도 이천시청,031-644-2443,2025-02-25
경기도,이천시,애련정로,,경기도 이천시 안흥동 461,455,1,N,N,37.27741634,127.4571331,2,4,6,N,N,N,,,N,Y,Y,N,경기도 이천시청,031-644-2443,2025-02-25
경기도,이천시,애련정로,,경기도 이천시 안흥동 371-1,456,1,N,N,37.27873106,127.4547504,2,4,6,N,N,N,,,N,Y,Y,N,경기도 이천시청,031-644-2443,2025-02-25
경기도,이천시,애련정로,,경기도 이천시 안흥동 371-1,457,1,N,N,37.27873106,127.4547199869,3,6,9.6,N,N,N,,,N,Y,Y,N,경기도 이천시청,031-644-2443,2025-02-25
경기도,이천시,애련정로,,경기도 이천시 안흥동 345-5,458,1,N,N,37.28035987,127.4552481,3,6,11.2,Y,N,N,,,N,Y,Y,N,경기도 이천시청,031-644-2443,2025-02-25
경기도,이천시,애련정로,,경기도 이천시 안흥동 350-9,459,1,N,N,37.28027691,127.4552125,3,4,10.4,Y,N,N,,,N,Y,Y,Y,경기도 이천시청,031-644-2443,2025-02-25
경기도,이천시,애련정로,,경기도 이천시 안흥동 365-4,460,1,N,N,37.27962763,127.4550492,2,6,7,Y,N,N,,,N,Y,Y,Y,경기도 이천시청,031-644-2443,2025-02-25
경기도,이천시,애련정로,,경기도 이천시 창전동 493,461,1,N,N,37.27877509,127.4503309,2,4,7,N,N,N,,,N,Y,Y,N,경기도 이천시청,031-644-2443,2025-02-25
경기도,이천시,애련정로,,경기도 이천시 창전동 493,462,1,N,N,37.27877509,127.4503309,2,4,6.4,Y,N,N,,,N,Y,Y,N,경기도 이천시청,031-644-2443,2025-02-25
경기도,이천시,애련정로,,경기도 이천시 창전동 493,463,1,N,N,37.27877509,127.4503309,2,6,7.2,Y,N,N,,,N,Y,Y,Y,경기도 이천시청,031-644-2443,2025-02-25
경기도,이천시,애련정로,,경기도 이천시 창전동 493,464,1,N,N,37.27877509,127.4503309,2,6,7.2,N,N,N,,,N,Y,Y,N,경기도 이천시청,031-644-2443,2025-02-25
경기도,이천시,애련정로,,경기도 이천시 창전동 493,465,1,Y,Y,37.27877509,127.4503309,2,6,7.2,N,N,N,,,N,Y,Y,N,경기도 이천시청,031-644-2443,2025-02-25
경기도,이천시,애련정로,,경기도 이천시 창전동 482,466,1,Y,Y,37.28244999,127.4500715,2,6,7.2,N,N,N,,,N,Y,Y,N,경기도 이천시청,031-644-2443,2025-02-25
경기도,이천시,애련정로,,경기도 이천시 창전동 482,467,1,N,N,37.28244999,127.4500715,2,4,7.2,N,N,N,,,N,Y,Y,N,경기도 이천시청,031-644-2443,2025-02-25
경기도,이천시,애련정로,,경기도 이천시 창전동 482,468,1,N,N,37.28244999,127.4500715,2,4,7.2,N,N,N,,,N,Y,N,N,경기도 이천시청,031-644-2443,2025-02-25
경기도,이천시,애련정로,,경기도 이천시 창전동 482,469,1,N,N,37.28244999,127.4500715,2,6,7.2,Y,N,N,,,N,Y,Y,Y,경기도 이천시청,031-644-2443,2025-02-25
경기도,이천시,애련정로,,경기도 이천시 창전동 44-16,470,1,N,N,37.28441128,127.4501368,3,6,9.2,Y,N,N,,,N,Y,Y,Y,경기도 이천시청,031-644-2443,2025-02-25
경기도,이천시,애련정로,,경기도 이천시 창전동 175,471,1,N,N,37.27841689,127.4474308,3,6,9.2,N,N,N,,,N,Y,N,N,경기도 이천시청,031-644-2443,2025-02-25
경기도,이천시,애련정로,,경기도 이천시 창전동 175,472,1,N,N,37.27841689,127.4474308,3,4,9.2,N,N,N,,,N,Y,N,N,경기도 이천시청,031-644-2443,2025-02-25
경기도,이천시,애련정로,,경기도 이천시 증포동 386-5,473,1,N,N,37.28540401,127.4504367,3,6,9.2,Y,N,N,,,N,Y,Y,N,경기도 이천시청,031-644-2443,2025-02-25
경기도,이천시,애련정로,,경기도 이천시 증포동 386-5,474,1,N,N,37.28540401,127.4504367,3,6,9.2,Y,N,N,,,N,Y,Y,N,경기도 이천시청,031-644-2443,2025-02-25
경기도,이천시,애련정로,,경기도 이천시 증포동 141,475,1,N,N,37.28615417,127.4523243,3,4,11.6,Y,N,N,,,N,Y,N,Y,경기도 이천시청,031-644-2443,2025-02-25
경기도,이천시,애련정로,,경기도 이천시 증포동 127-12,476,1,N,N,37.2874656,127.454768,3,4,9,Y,N,N,,,Y,Y,Y,N,경기도 이천시청,031-644-2443,2025-02-25
경기도,이천시,애련정로,,경기도 이천시 증포동 127-12,477,1,N,N,37.2874656,127.454768,3,4,9,Y,N,N,,,Y,Y,Y,N,경기도 이천시청,031-644-2443,2025-02-25
경기도,이천시,애련정로,,경기도 이천시 증포동 156-19,478,1,N,N,37.28874578,127.4556607,4,6,16.2,Y,N,N,,,N,Y,Y,Y,경기도 이천시청,031-644-2443,2025-02-25
경기도,이천시,애련정로,,경기도 이천시 안흥동 468,479,1,N,N,37.27743671,127.4524113,2,4,7.2,Y,N,N,,,N,Y,Y,N,경기도 이천시청,031-644-2443,2025-02-25
경기도,이천시,애련정로,,경기도 이천시 안흥동 267-3,480,1,N,N,37.27670289,127.4522231,2,4,7.2,N,N,N,,,N,N,N,N,경기도 이천시청,031-644-2443,2025-02-25
경기도,이천시,애련정로,,경기도 이천시 안흥동 412-11,481,1,N,N,37.27490905,127.4512667,2,4,8.8,N,N,N,,,N,Y,Y,N,경기도 이천시청,031-644-2443,2025-02-25
경기도,이천시,증신로,,경기도 이천시 안흥동 159,482,1,Y,N,37.27870541,127.4627563,4,4,15.2,Y,N,N,,,N,Y,Y,N,경기도 이천시청,031-644-2443,2025-02-25
경기도,이천시,증신로,,경기도 이천시 갈산동 710-2,483,1,Y,N,37.28090536,127.4612355,5,7,18.8,Y,N,N,,,N,Y,Y,Y,경기도 이천시청,031-644-2443,2025-02-25
경기도,이천시,증신로,,경기도 이천시 갈산동 667-3,484,1,Y,N,37.28220478,127.4599549,5,4,19.4,Y,N,N,,,N,Y,N,Y,경기도 이천시청,031-644-2443,2025-02-25
경기도,이천시,증신로,,경기도 이천시 갈산동 667-3,485,1,N,N,37.28220478,127.4599549,4,8,17.8,Y,N,N,,,Y,Y,N,Y,경기도 이천시청,031-644-2443,2025-02-25
경기도,이천시,증신로,,경기도 이천시 갈산동 651,486,1,N,N,37.28364621,127.4585455,3,6,19.4,Y,N,N,,,N,Y,N,Y,경기도 이천시청,031-644-2443,2025-02-25
경기도,이천시,증신로,,경기도 이천시 갈산동 592-19,487,1,N,N,37.28568377,127.4564807,6,8,19.8,Y,N,N,,,Y,Y,Y,Y,경기도 이천시청,031-644-2443,2025-02-25
경기도,이천시,증신로,,경기도 이천시 갈산동 592-19,488,1,N,N,37.28568377,127.4564807,6,8,19.8,Y,N,N,,,N,N,N,N,경기도 이천시청,031-644-2443,2025-02-25
경기도,이천시,증신로,,경기도 이천시 증포동 127-12,489,1,N,N,37.2874656,127.454768,5,6,16,Y,N,N,,,Y,Y,N,N,경기도 이천시청,031-644-2443,2025-02-25
경기도,이천시,증신로,,경기도 이천시 증포동 127-12,490,1,N,N,37.2874656,127.454768,6,6,16,Y,N,N,,,Y,Y,N,N,경기도 이천시청,031-644-2443,2025-02-25
경기도,이천시,증신로,,경기도 이천시 증포동 149,491,1,N,N,37.28927359,127.452909,5,8,17.2,Y,N,Y,,,Y,Y,Y,Y,경기도 이천시청,031-644-2443,2025-02-25
경기도,이천시,아리역로,,경기도 이천시 창전동 443-18,492,1,Y,N,37.28622682,127.4478264,3,4,12.6,Y,N,N,,,N,Y,Y,N,경기도 이천시청,031-644-2443,2025-02-25
경기도,이천시,아리역로,,경기도 이천시 창전동 443-18,493,1,N,Y,37.28622682,127.4478264,3,6,8.2,N,N,N,,,N,Y,Y,N,경기도 이천시청,031-644-2443,2025-02-25
경기도,이천시,아리역로,,경기도 이천시 창전동 443-44,494,1,N,N,37.28662787,127.4474007,3,4,8.2,N,N,N,,,N,Y,Y,N,경기도 이천시청,031-644-2443,2025-02-25
경기도,이천시,아리역로,,경기도 이천시 창전동 476,495,1,N,N,37.28611557,127.4392286,3,4,8.2,N,N,N,,,N,Y,Y,N,경기도 이천시청,031-644-2443,2025-02-25
경기도,이천시,아리역로,,경기도 이천시 증포동 449-2,496,1,Y,N,37.2882543,127.4460224,4,6,14,Y,N,Y,,,N,Y,Y,Y,경기도 이천시청,031-644-2443,2025-02-25
경기도,이천시,아리역로,,경기도 이천시 송정동 75-4,497,1,Y,N,37.28890547,127.4456097,4,6,15.2,Y,N,Y,,,N,Y,Y,Y,경기도 이천시청,031-644-2443,2025-02-25
경기도,이천시,아리역로,,경기도 이천시 송정동 393,498,1,N,N,37.29343674,127.4434608,2,6,7,N,N,N,,,N,Y,Y,N,경기도 이천시청,031-644-2443,2025-02-25
경기도,이천시,아리역로,,경기도 이천시 송정동 94-6,499,1,Y,N,37.29387524,127.4442399,3,4,22.6,Y,N,N,,,N,Y,Y,N,경기도 이천시청,031-644-2443,2025-02-25
경기도,이천시,향교로,,경기도 이천시 창전동 479,500,1,N,N,37.28463415,127.4439125,1,2,7.4,N,N,N,,,N,N,N,N,경기도 이천시청,031-644-2443,2025-02-25
경기도,이천시,향교로,,경기도 이천시 창전동 479,501,1,Y,N,37.28463415,127.4439125,2,6,7.4,N,N,N,,,N,Y,Y,N,경기도 이천시청,031-644-2443,2025-02-25
경기도,이천시,향교로,,경기도 이천시 창전동 479,502,1,Y,N,37.28463415,127.4439125,2,6,7.4,N,N,N,,,N,Y,Y,N,경기도 이천시청,031-644-2443,2025-02-25
경기도,이천시,향교로,,경기도 이천시 창전동 479,503,1,Y,N,37.28463415,127.4439125,2,6,7.4,N,N,N,,,N,Y,Y,N,경기도 이천시청,031-644-2443,2025-02-25
경기도,이천시,향교로,,경기도 이천시 창전동 479,504,1,Y,N,37.28463415,127.4439125,2,6,7.4,Y,N,N,,,N,Y,Y,N,경기도 이천시청,031-644-2443,2025-02-25
경기도,이천시,향교로,,경기도 이천시 창전동 479,505,1,Y,N,37.28463415,127.4439125,2,6,7.4,N,N,N,,,N,Y,Y,N,경기도 이천시청,031-644-2443,2025-02-25
경기도,이천시,향교로,,경기도 이천시 창전동 479,506,1,Y,N,37.28463415,127.4439125,2,6,7.4,N,N,N,,,N,Y,Y,N,경기도 이천시청,031-644-2443,2025-02-25
경기도,이천시,향교로,,경기도 이천시 창전동 479,507,1,N,N,37.28463415,127.4439125,2,6,7.4,N,N,N,,,N,Y,Y,N,경기도 이천시청,031-644-2443,2025-02-25
경기도,이천시,향교로,,경기도 이천시 창전동 479,508,1,Y,N,37.28463415,127.4439125,2,6,7.4,Y,N,N,,,N,Y,Y,Y,경기도 이천시청,031-644-2443,2025-02-25
경기도,이천시,향교로,,경기도 이천시 창전동 479,509,1,Y,N,37.28463415,127.4439125,2,6,7.4,Y,N,N,,,N,Y,Y,Y,경기도 이천시청,031-644-2443,2025-02-25
경기도,이천시,향교로,,경기도 이천시 창전동 479,510,1,N,N,37.28463415,127.4439125,2,4,7.4,N,N,N,,,N,N,N,N,경기도 이천시청,031-644-2443,2025-02-25
경기도,이천시,향교로,,경기도 이천시 창전동 479,511,1,Y,N,37.28463415,127.4439125,2,5,7.4,Y,N,N,,,N,Y,Y,N,경기도 이천시청,031-644-2443,2025-02-25
경기도,이천시,향교로,,경기도 이천시 창전동 482,512,1,N,N,37.28244999,127.4500715,2,6,10,Y,N,N,,,N,Y,Y,N,경기도 이천시청,031-644-2443,2025-02-25
경기도,이천시,향교로,,경기도 이천시 창전동 482,513,1,N,Y,37.28244999,127.4500715,2,6,7.6,N,N,N,,,N,Y,Y,N,경기도 이천시청,031-644-2443,2025-02-25
경기도,이천시,향교로,,경기도 이천시 창전동 48-8,514,1,N,N,37.28396401,127.4511846,2,4,5.6,N,N,N,,,N,Y,N,N,경기도 이천시청,031-644-2443,2025-02-25
경기도,이천시,향교로,,경기도 이천시 창전동 산7-25,515,1,N,Y,37.28396608,127.452025,2,4,6,Y,N,N,,,N,Y,N,N,경기도 이천시청,031-644-2443,2025-02-25
경기도,이천시,향교로,,경기도 이천시 갈산동 784,516,1,N,N,37.28414348,127.4540518,2,4,9.2,Y,N,N,,,N,Y,N,N,경기도 이천시청,031-644-2443,2025-02-25
경기도,이천시,향교로,,경기도 이천시 갈산동 784,517,1,N,N,37.28414348,127.4540518,3,4,9.2,N,N,N,,,N,Y,N,N,경기도 이천시청,031-644-2443,2025-02-25
경기도,이천시,향교로,,경기도 이천시 갈산동 784,518,1,N,N,37.28414348,127.4540518,4,6,13.2,Y,N,N,,,N,Y,N,N,경기도 이천시청,031-644-2443,2025-02-25
경기도,이천시,향교로,,경기도 이천시 갈산동 784,519,1,N,N,37.28414348,127.4540518,3,4,13.2,Y,N,N,,,N,Y,N,N,경기도 이천시청,031-644-2443,2025-02-25
경기도,이천시,향교로,,경기도 이천시 갈산동 산13-14,520,1,N,N,37.28493957,127.4553943,3,4,9,Y,N,N,,,N,Y,N,N,경기도 이천시청,031-644-2443,2025-02-25
경기도,이천시,향교로,,경기도 이천시 갈산동 산11-20,521,1,N,N,37.28525872,127.4559849,4,6,9,Y,N,N,,,N,Y,N,N,경기도 이천시청,031-644-2443,2025-02-25
경기도,이천시,향교로,,경기도 이천시 갈산동 592-19,522,1,N,N,37.28568377,127.4564807,3,6,9,Y,N,N,,,N,Y,N,N,경기도 이천시청,031-644-2443,2025-02-25
경기도,이천시,향교로,,경기도 이천시 갈산동 590,523,1,N,N,37.28582616,127.4567215,2,9,6,Y,N,N,,,N,Y,Y,Y,경기도 이천시청,031-644-2443,2025-02-25
경기도,이천시,향교로,,경기도 이천시 증포동 113-4,524,1,N,Y,37.28720734,127.4606512,4,4,12,Y,N,Y,,,N,Y,Y,Y,경기도 이천시청,031-644-2443,2025-02-25
경기도,이천시,향교로,,경기도 이천시 증포동 113-4,525,1,N,Y,37.28720734,127.4606512,4,4,12,Y,N,Y,,,N,Y,Y,Y,경기도 이천시청,031-644-2443,2025-02-25
경기도,이천시,향교로,,경기도 이천시 증포동 109-7,526,1,N,N,37.288858,127.4628303,2,6,6,Y,N,N,,,N,Y,N,N,경기도 이천시청,031-644-2443,2025-02-25
경기도,이천시,영창로,,경기도 이천시 관고동 산77,527,1,N,N,37.28935992,127.4368695,2,4,7,N,N,N,,,N,Y,N,N,경기도 이천시청,031-644-2443,2025-02-25
경기도,이천시,영창로,,경기도 이천시 관고동 194-3,528,1,N,N,37.28468364,127.433324,4,6,13,Y,N,N,,,N,Y,Y,N,경기도 이천시청,031-644-2443,2025-02-25
경기도,이천시,영창로,,경기도 이천시 관고동 196-9,529,1,N,N,37.28445851,127.4338083,4,6,13,Y,N,N,,,N,Y,Y,N,경기도 이천시청,031-644-2443,2025-02-25
경기도,이천시,영창로,,경기도 이천시 관고동 462-1,530,1,N,N,37.28404613,127.4343561,3,4,9,Y,N,N,,,N,Y,N,N,경기도 이천시청,031-644-2443,2025-02-25
경기도,이천시,영창로,,경기도 이천시 관고동 443-1,531,1,N,N,37.28314991,127.4357987,4,6,13,Y,N,N,,,N,Y,Y,N,경기도 이천시청,031-644-2443,2025-02-25
경기도,이천시,영창로,,경기도 이천시 관고동 443-1,532,1,N,N,37.28314991,127.4357987,4,6,13,Y,N,N,,,N,Y,Y,Y,경기도 이천시청,031-644-2443,2025-02-25
경기도,이천시,영창로,,경기도 이천시 관고동 443-1,533,1,N,N,37.28314991,127.4357987,4,4,13,Y,N,N,,,N,Y,Y,Y,경기도 이천시청,031-644-2443,2025-02-25
경기도,이천시,영창로,,경기도 이천시 관고동 28,534,1,N,N,37.2820417,127.4378491,4,4,12.6,Y,N,Y,,,N,Y,Y,N,경기도 이천시청,031-644-2443,2025-02-25
경기도,이천시,영창로,,경기도 이천시 관고동 28,535,1,N,N,37.2820417,127.4378491,4,4,12.6,Y,N,Y,,,N,Y,Y,N,경기도 이천시청,031-644-2443,2025-02-25
경기도,이천시,영창로,,경기도 이천시 관고동 28,536,1,N,N,37.2820417,127.4378491,4,6,11.6,N,N,N,,,N,Y,Y,N,경기도 이천시청,031-644-2443,2025-02-25
경기도,이천시,영창로,,경기도 이천시 관고동 28,537,1,N,N,37.2820417,127.4378491,4,6,11.6,N,N,N,,,N,Y,Y,N,경기도 이천시청,031-644-2443,2025-02-25
경기도,이천시,영창로,,경기도 이천시 창전동 171,538,1,N,N,37.28102263,127.4451998,4,6,11.6,N,N,N,,,N,Y,Y,N,경기도 이천시청,031-644-2443,2025-02-25
경기도,이천시,영창로,,경기도 이천시 창전동 171,539,1,N,N,37.28102263,127.4451998,4,4,11.6,Y,N,Y,,,N,Y,Y,N,경기도 이천시청,031-644-2443,2025-02-25
경기도,이천시,영창로,,경기도 이천시 창전동 171,540,1,N,N,37.28102263,127.4451998,4,4,11.6,Y,N,Y,,,N,Y,Y,N,경기도 이천시청,031-644-2443,2025-02-25
경기도,이천시,영창로,,경기도 이천시 창전동 171,541,1,N,N,37.28102263,127.4451998,4,4,11.6,N,N,N,,,N,Y,Y,N,경기도 이천시청,031-644-2443,2025-02-25
경기도,이천시,영창로,,경기도 이천시 창전동 171,542,1,N,N,37.28102263,127.4451998,4,4,11.6,N,N,N,,,N,Y,Y,N,경기도 이천시청,031-644-2443,2025-02-25
경기도,이천시,영창로,,경기도 이천시 창전동 171,543,1,N,N,37.28102263,127.4451998,4,4,11.6,N,N,N,,,N,Y,Y,N,경기도 이천시청,031-644-2443,2025-02-25
경기도,이천시,영창로,,경기도 이천시 창전동 171,544,1,N,N,37.28102263,127.4451998,4,4,11.6,Y,N,Y,,,N,Y,Y,Y,경기도 이천시청,031-644-2443,2025-02-25
경기도,이천시,영창로,,경기도 이천시 창전동 486,545,1,N,N,37.28067496,127.4487965,4,4,11.2,Y,N,Y,,,N,Y,Y,Y,경기도 이천시청,031-644-2443,2025-02-25
경기도,이천시,영창로,,경기도 이천시 창전동 486,546,1,N,N,37.28067496,127.4487965,4,4,11.2,N,N,N,,,N,Y,Y,N,경기도 이천시청,031-644-2443,2025-02-25
경기도,이천시,영창로,,경기도 이천시 창전동 486,547,1,N,N,37.28067496,127.4487965,3,4,11.2,Y,N,N,,,N,Y,Y,N,경기도 이천시청,031-644-2443,2025-02-25
경기도,이천시,영창로,,경기도 이천시 창전동 486,548,1,Y,Y,37.28067496,127.4487965,2,4,7,N,N,N,,,N,Y,Y,N,경기도 이천시청,031-644-2443,2025-02-25
경기도,이천시,영창로,,경기도 이천시 창전동 486,549,1,Y,Y,37.28067496,127.4487965,2,4,7,N,N,N,,,N,Y,Y,N,경기도 이천시청,031-644-2443,2025-02-25
경기도,이천시,영창로,,경기도 이천시 창전동 486,550,1,N,N,37.28067496,127.4487965,2,4,10.8,N,N,N,,,N,Y,Y,N,경기도 이천시청,031-644-2443,2025-02-25
경기도,이천시,영창로,,경기도 이천시 창전동 53-8,551,1,N,N,37.28085113,127.4517039,2,8,12,N,N,N,,,N,Y,Y,N,경기도 이천시청,031-644-2443,2025-02-25
경기도,이천시,영창로,,경기도 이천시 안흥동 357-2,552,1,N,N,37.28102514,127.4531516,2,4,13.2,Y,N,N,,,N,Y,N,N,경기도 이천시청,031-644-2443,2025-02-25
경기도,이천시,영창로,,경기도 이천시 안흥동 356-6,553,1,N,N,37.28093073,127.4538503,2,4,13.2,Y,N,N,,,N,Y,N,N,경기도 이천시청,031-644-2443,2025-02-25
경기도,이천시,영창로,,경기도 이천시 안흥동 356-6,554,1,N,N,37.28093073,127.4538503,4,8,12.6,Y,N,N,,,N,Y,Y,Y,경기도 이천시청,031-644-2443,2025-02-25
경기도,이천시,영창로,,경기도 이천시 안흥동 354-9,555,1,N,N,37.28090637,127.4546013,5,8,12.6,Y,N,N,,,N,Y,Y,Y,경기도 이천시청,031-644-2443,2025-02-25
경기도,이천시,영창로,,경기도 이천시 안흥동 353-7,556,1,N,N,37.28106623,127.4556235,5,6,14.8,Y,N,N,,,Y,Y,Y,Y,경기도 이천시청,031-644-2443,2025-02-25
경기도,이천시,영창로,,경기도 이천시 갈산동 662-2,557,1,N,Y,37.28186674,127.4588228,6,6,20.2,Y,N,N,,,N,Y,Y,N,경기도 이천시청,031-644-2443,2025-02-25
경기도,이천시,영창로,,경기도 이천시 갈산동 662-2,558,1,N,Y,37.28186674,127.4588228,5,6,20.2,Y,N,N,,,N,Y,Y,N,경기도 이천시청,031-644-2443,2025-02-25
경기도,이천시,영창로,,경기도 이천시 갈산동 662-2,559,1,N,N,37.28186674,127.4588228,4,8,15.8,Y,N,N,,,Y,Y,N,Y,경기도 이천시청,031-644-2443,2025-02-25
경기도,이천시,중리천로,,경기도 이천시 중리동 252,560,1,N,N,37.27890269,127.4458365,3,6,23.2,N,N,N,,,N,Y,N,N,경기도 이천시청,031-644-2443,2025-02-25
경기도,이천시,중리천로,,경기도 이천시 중리동 252,561,1,N,N,37.27890269,127.4458365,2,6,20.6,N,N,N,,,N,Y,N,N,경기도 이천시청,031-644-2443,2025-02-25
경기도,이천시,중리천로,,경기도 이천시 중리동 252,562,1,N,N,37.27890269,127.4458365,2,6,20.6,N,N,N,,,N,Y,N,N,경기도 이천시청,031-644-2443,2025-02-25
경기도,이천시,중리천로,,경기도 이천시 중리동 252,563,1,N,N,37.27890269,127.4458365,2,6,20.6,N,N,N,,,N,Y,N,N,경기도 이천시청,031-644-2443,2025-02-25
경기도,이천시,중리천로,,경기도 이천시 중리동 252,564,1,N,N,37.27890269,127.4458365,2,6,20.6,N,N,N,,,N,Y,N,N,경기도 이천시청,031-644-2443,2025-02-25
경기도,이천시,중리천로,,경기도 이천시 중리동 252,565,1,N,N,37.27890269,127.4458365,2,6,20.8,N,N,N,,,N,Y,N,N,경기도 이천시청,031-644-2443,2025-02-25
경기도,이천시,중리천로,,경기도 이천시 중리동 252,566,1,N,N,37.27890269,127.4458365,4,6,20.8,Y,N,Y,,,N,Y,N,Y,경기도 이천시청,031-644-2443,2025-02-25
경기도,이천시,중리천로,,경기도 이천시 중리동 252,567,1,N,N,37.27890269,127.4458365,4,6,20.8,Y,N,Y,,,N,Y,N,Y,경기도 이천시청,031-644-2443,2025-02-25
경기도,이천시,중리천로,,경기도 이천시 중리동 252,568,1,N,N,37.27890269,127.4458365,2,6,20.8,N,N,N,,,N,Y,N,N,경기도 이천시청,031-644-2443,2025-02-25
경기도,이천시,중리천로,,경기도 이천시 중리동 252,569,1,N,N,37.27890269,127.4458365,4,6,23.4,Y,N,Y,,,N,Y,N,N,경기도 이천시청,031-644-2443,2025-02-25
경기도,이천시,중리천로,,경기도 이천시 중리동 252,570,1,N,N,37.27890269,127.4458365,4,6,23.4,Y,N,Y,,,N,Y,N,N,경기도 이천시청,031-644-2443,2025-02-25
경기도,이천시,중리천로,,경기도 이천시 중리동 252,571,1,N,N,37.27890269,127.4458365,4,6,23.4,N,N,N,,,N,Y,N,N,경기도 이천시청,031-644-2443,2025-02-25
경기도,이천시,중리천로,,경기도 이천시 중리동 252,572,1,N,N,37.27890269,127.4458365,4,6,16.4,Y,N,Y,,,N,Y,N,N,경기도 이천시청,031-644-2443,2025-02-25
경기도,이천시,중리천로,,경기도 이천시 중리동 252,573,1,N,N,37.27890269,127.4458365,4,8,19,Y,N,Y,,,N,Y,N,N,경기도 이천시청,031-644-2443,2025-02-25
경기도,이천시,중리천로,,경기도 이천시 중리동 252,574,1,N,N,37.27890269,127.4458365,4,6,16.2,N,N,N,,,N,Y,Y,N,경기도 이천시청,031-644-2443,2025-02-25
경기도,이천시,중리천로,,경기도 이천시 창전동 491,575,1,N,N,37.27771322,127.4485405,1,4,3.7,N,N,N,,,N,Y,Y,N,경기도 이천시청,031-644-2443,2025-02-25
경기도,이천시,중리천로,,경기도 이천시 창전동 491,576,1,N,N,37.27771322,127.4485405,1,4,3.7,N,N,N,,,N,Y,Y,N,경기도 이천시청,031-644-2443,2025-02-25
경기도,이천시,중리천로,,경기도 이천시 중리동 440,577,1,N,N,37.27632744,127.4490972,2,6,14.8,N,N,N,,,N,Y,N,N,경기도 이천시청,031-644-2443,2025-02-25
경기도,이천시,중리천로,,경기도 이천시 중리동 440,578,1,N,N,37.27632744,127.4490972,3,6,23.6,N,N,N,,,N,Y,N,N,경기도 이천시청,031-644-2443,2025-02-25
경기도,이천시,중리천로,,경기도 이천시 중리동 440,579,1,N,N,37.27632744,127.4490972,4,6,26.6,N,N,N,,,N,Y,N,N,경기도 이천시청,031-644-2443,2025-02-25
경기도,이천시,중리천로,,경기도 이천시 중리동 440,580,1,N,N,37.27632744,127.4490972,3,4,11,N,N,N,,,Y,Y,N,N,경기도 이천시청,031-644-2443,2025-02-25
경기도,이천시,중리천로,,경기도 이천시 중리동 441,581,1,N,N,37.27579723,127.4500962,2,4,7.8,N,N,N,,,N,Y,N,N,경기도 이천시청,031-644-2443,2025-02-25
경기도,이천시,중리천로,,경기도 이천시 중리동 441,582,1,N,N,37.27579723,127.4500962,2,4,7.8,N,N,N,,,N,Y,N,N,경기도 이천시청,031-644-2443,2025-02-25
경기도,이천시,중리천로,,경기도 이천시 창전동 491,583,1,N,N,37.27771322,127.4485405,2,4,6,N,N,N,,,N,Y,N,N,경기도 이천시청,031-644-2443,2025-02-25
경기도,이천시,중리천로,,경기도 이천시 창전동 491,584,1,N,N,37.27771322,127.4485405,2,4,6,N,N,N,,,N,Y,N,N,경기도 이천시청,031-644-2443,2025-02-25
경기도,이천시,중리천로,,경기도 이천시 창전동 491,585,1,N,N,37.27771322,127.4485405,1,4,4,N,N,N,,,N,Y,N,N,경기도 이천시청,031-644-2443,2025-02-25
경기도,이천시,남천로,,경기도 이천시 중리동 236,586,1,N,N,37.27757901,127.441596,2,6,6.8,Y,N,N,,,N,Y,Y,N,경기도 이천시청,031-644-2443,2025-02-25
경기도,이천시,남천로,,경기도 이천시 중리동 236,587,1,N,N,37.27757901,127.441596,2,6,6.8,N,N,N,,,N,Y,Y,N,경기도 이천시청,031-644-2443,2025-02-25
경기도,이천시,남천로,,경기도 이천시 중리동 236,588,1,N,N,37.27757901,127.441596,2,6,6.8,N,N,N,,,N,Y,Y,N,경기도 이천시청,031-644-2443,2025-02-25
경기도,이천시,남천로,,경기도 이천시 중리동 236,589,1,N,N,37.27757901,127.441596,2,6,6.8,N,N,N,,,N,Y,Y,N,경기도 이천시청,031-644-2443,2025-02-25
경기도,이천시,남천로,,경기도 이천시 중리동 236,590,1,N,Y,37.27757901,127.441596,2,6,6.8,N,N,N,,,N,Y,Y,N,경기도 이천시청,031-644-2443,2025-02-25
경기도,이천시,남천로,,경기도 이천시 중리동 236,591,1,N,Y,37.27757901,127.441596,2,6,6,N,N,N,,,N,Y,Y,N,경기도 이천시청,031-644-2443,2025-02-25
경기도,이천시,남천로,,경기도 이천시 중리동 236,592,1,N,Y,37.27757901,127.441596,2,6,7,Y,N,N,,,N,Y,Y,N,경기도 이천시청,031-644-2443,2025-02-25
경기도,이천시,남천로,,경기도 이천시 중리동 236,593,1,N,Y,37.27757901,127.441596,2,6,7.2,Y,N,N,,,N,Y,Y,N,경기도 이천시청,031-644-2443,2025-02-25
경기도,이천시,남천로,,경기도 이천시 중리동 236,594,1,N,N,37.27757901,127.441596,2,4,8,N,N,N,,,N,Y,N,N,경기도 이천시청,031-644-2443,2025-02-25
경기도,이천시,남천로,,경기도 이천시 중리동 236,595,1,N,N,37.27757901,127.441596,2,6,9,Y,N,N,,,N,Y,Y,N,경기도 이천시청,031-644-2443,2025-02-25
경기도,이천시,남천로,,경기도 이천시 중리동 236,596,1,Y,N,37.27757901,127.441596,2,6,11.8,Y,N,N,,,N,Y,Y,N,경기도 이천시청,031-644-2443,2025-02-25
경기도,이천시,남천로,,경기도 이천시 중리동 438,597,1,Y,N,37.27657614,127.4483358,2,4,6.8,Y,N,N,,,N,Y,N,N,경기도 이천시청,031-644-2443,2025-02-25
경기도,이천시,남천로,,경기도 이천시 중리동 441,598,1,N,N,37.27579723,127.4500962,2,4,5.6,Y,N,N,,,N,Y,N,N,경기도 이천시청,031-644-2443,2025-02-25
경기도,이천시,부악로,,경기도 이천시 중리동 424,599,1,Y,N,37.2753156,127.4365184,5,6,19.4,Y,N,N,,,Y,Y,Y,N,경기도 이천시청,031-644-2443,2025-02-25
경기도,이천시,부악로,,경기도 이천시 중리동 378,600,1,Y,N,37.27259463,127.4360211,7,6,22,Y,Y,N,,,N,Y,Y,Y,경기도 이천시청,031-644-2443,2025-02-25
경기도,이천시,부악로,,경기도 이천시 중리동 378,601,1,Y,N,37.27259463,127.4360211,7,6,22,Y,Y,Y,,,N,Y,Y,Y,경기도 이천시청,031-644-2443,2025-02-25
경기도,이천시,부악로,,경기도 이천시 증일동 산26-3,602,1,Y,N,37.27086697,127.4359709,8,8,26,Y,Y,N,,,N,Y,N,Y,경기도 이천시청,031-644-2443,2025-02-25
경기도,이천시,부악로,,경기도 이천시 증일동 산26-3,603,1,Y,N,37.27086697,127.4359709,7,8,22.4,Y,Y,N,,,N,Y,N,N,경기도 이천시청,031-644-2443,2025-02-25
경기도,이천시,부악로,,경기도 이천시 증일동 89-9,604,1,Y,N,37.26899789,127.4357177,7,6,22,Y,Y,N,,,N,Y,N,N,경기도 이천시청,031-644-2443,2025-02-25
경기도,이천시,부악로,,경기도 이천시 증일동 90-5,605,1,Y,N,37.26855248,127.4355275,5,8,14.8,N,N,N,,,N,Y,Y,N,경기도 이천시청,031-644-2443,2025-02-25
경기도,이천시,구만리로,,경기도 이천시 증일동 89-9,606,1,Y,N,37.26899789,127.4357177,4,6,15,N,N,N,,,N,N,N,N,경기도 이천시청,031-644-2443,2025-02-25
경기도,이천시,구만리로,,경기도 이천시 증일동 16-5,607,1,Y,N,37.26853326,127.4429333,7,8,22.8,Y,N,N,,,Y,Y,Y,Y,경기도 이천시청,031-644-2443,2025-02-25
경기도,이천시,구만리로,,경기도 이천시 증일동 16-5,608,1,Y,N,37.26853326,127.4429333,7,8,22.8,Y,N,N,,,Y,Y,Y,Y,경기도 이천시청,031-644-2443,2025-02-25
경기도,이천시,관고재로,,경기도 이천시 관고동 71,609,1,N,N,37.28271263,127.4360447,4,8,15.8,Y,N,N,,,N,Y,Y,Y,경기도 이천시청,031-644-2443,2025-02-25
경기도,이천시,관고재로,,경기도 이천시 관고동 464-10,610,1,N,N,37.28208575,127.4345751,4,8,12,Y,N,N,,,N,Y,Y,Y,경기도 이천시청,031-644-2443,2025-02-25
경기도,이천시,관고재로,,경기도 이천시 관고동 219-22,611,1,Y,N,37.28165399,127.4338286,4,8,12,N,N,N,,,N,Y,Y,N,경기도 이천시청,031-644-2443,2025-02-25
경기도,이천시,경충대로2700번길,경기도 이천시 경충대로2700번길 7-5,경기도 이천시 관고동 466,612,1,N,N,37.27924591,127.4348949,2,4,6.4,N,N,N,,,N,Y,N,N,경기도 이천시청,031-644-2443,2025-02-25
경기도,이천시,경충대로2716번길,경기도 이천시 경충대로2700번길 7-5,경기도 이천시 관고동 466,613,1,N,N,37.27924591,127.4348949,2,4,9,N,N,N,,,N,N,N,N,경기도 이천시청,031-644-2443,2025-02-25
경기도,이천시,경충대로2697번길,경기도 이천시 경충대로2700번길 7-5,경기도 이천시 관고동 466,614,1,N,N,37.27924591,127.4348949,2,6,10.8,N,N,N,,,N,N,N,N,경기도 이천시청,031-644-2443,2025-02-25
경기도,이천시,경충대로2709번길,경기도 이천시 경충대로2700번길 7-5,경기도 이천시 관고동 466,615,1,N,N,37.27924591,127.4348949,2,4,7,N,N,N,,,N,N,N,N,경기도 이천시청,031-644-2443,2025-02-25
경기도,이천시,경충대로2709번길,경기도 이천시 경충대로2700번길 7-5,경기도 이천시 관고동 466,616,1,N,N,37.27924591,127.4348949,2,6,7,N,N,N,,,N,Y,N,N,경기도 이천시청,031-644-2443,2025-02-25
경기도,이천시,경충대로2697번길,경기도 이천시 경충대로2700번길 7-5,경기도 이천시 관고동 466,617,1,N,N,37.27924591,127.4348949,2,6,7,N,N,N,,,N,Y,N,N,경기도 이천시청,031-644-2443,2025-02-25
경기도,이천시,경충대로,경기도 이천시 경충대로2700번길 7-5,경기도 이천시 관고동 466,618,1,N,N,37.27924591,127.4348949,1,4,7,N,N,N,,,N,Y,N,N,경기도 이천시청,031-644-2443,2025-02-25
경기도,이천시,경충대로2709번길,,경기도 이천시 관고동 233,619,1,N,N,37.27942961,127.4339533,3,4,8,N,N,N,,,N,Y,N,N,경기도 이천시청,031-644-2443,2025-02-25
경기도,이천시,경충대로2709번길,,경기도 이천시 관고동 239-1,620,1,N,N,37.27914465,127.4332112,3,6,15.2,N,N,N,,,N,Y,N,N,경기도 이천시청,031-644-2443,2025-02-25
경기도,이천시,경충대로2709번길,,경기도 이천시 관고동 251-1,621,1,N,N,37.2784121,127.430212,2,4,6.2,N,N,N,,,N,Y,N,N,경기도 이천시청,031-644-2443,2025-02-25
경기도,이천시,경충대로2709번길,,경기도 이천시 관고동 산60-5,622,1,N,N,37.2784457,127.4296098,2,6,6.2,N,N,N,,,N,Y,N,N,경기도 이천시청,031-644-2443,2025-02-25
경기도,이천시,경충대로2709번길,경기도 이천시 경충대로2709번길 104,경기도 이천시 관고동 354-3,623,1,N,N,37.27831853,127.4282821,2,4,6.2,N,N,N,,,N,Y,N,N,경기도 이천시청,031-644-2443,2025-02-25
경기도,이천시,경충대로2709번길,경기도 이천시 경충대로2709번길 104,경기도 이천시 관고동 354-3,624,1,N,N,37.27831853,127.4282821,2,8,7.8,N,N,N,,,N,Y,N,N,경기도 이천시청,031-644-2443,2025-02-25
경기도,이천시,경충대로2697번길,경기도 이천시 경충대로2697번길 306,경기도 이천시 관고동 485,625,1,N,N,37.27793778,127.4269268,2,4,6.2,N,N,N,,,N,Y,N,N,경기도 이천시청,031-644-2443,2025-02-25
경기도,이천시,경충대로2697번길,경기도 이천시 경충대로2709번길 185,경기도 이천시 관고동 378,626,1,N,N,37.28016467,127.4240483,2,6,6.2,N,N,N,,,N,Y,N,N,경기도 이천시청,031-644-2443,2025-02-25
경기도,이천시,경충대로2697번길,,경기도 이천시 관고동 421-5,627,1,N,N,37.27480177,127.4266232,2,6,6.8,N,N,N,,,N,Y,N,N,경기도 이천시청,031-644-2443,2025-02-25
경기도,이천시,경충대로2709번길,,경기도 이천시 관고동 388-3,628,1,N,N,37.27793995,127.4281022,2,8,6.8,N,N,N,,,N,Y,N,N,경기도 이천시청,031-644-2443,2025-02-25
경기도,이천시,경충대로2709번길,,경기도 이천시 관고동 256-3,629,1,N,N,37.27674869,127.4294605,3,8,12.8,N,N,N,,,N,Y,N,N,경기도 이천시청,031-644-2443,2025-02-25
경기도,이천시,경충대로26979번길,,경기도 이천시 관고동 341-3,630,1,N,N,37.276134,127.4296066,1,6,5,N,N,N,,,N,Y,N,N,경기도 이천시청,031-644-2443,2025-02-25
경기도,이천시,경충대로26979번길,,경기도 이천시 관고동 341-1,631,1,N,N,37.2762514,127.4297662,2,8,6.8,N,N,N,,,N,Y,N,N,경기도 이천시청,031-644-2443,2025-02-25
경기도,이천시,경충대로26979번길,,경기도 이천시 관고동 341-1,632,1,N,N,37.2762514,127.4297662,2,4,6.4,N,N,N,,,N,N,N,N,경기도 이천시청,031-644-2443,2025-02-25
경기도,이천시,경충대로2687번길,,경기도 이천시 관고동 269-6,633,1,N,N,37.27821476,127.4346882,1,4,3.8,N,N,N,,,N,N,N,N,경기도 이천시청,031-644-2443,2025-02-25
경기도,이천시,대장로,,경기도 이천시 대월면 초지리 632-1,634,1,N,N,37.21808408,127.4944194,4,6,15.8,N,N,N,,,N,N,N,N,경기도 이천시청,031-644-2443,2025-02-25
경기도,이천시,대장로,,경기도 이천시 대월면 대대리 673,635,1,N,N,37.22431797,127.4806222,2,4,6.8,N,N,N,,,N,N,N,N,경기도 이천시청,031-644-2443,2025-02-25
경기도,이천시,대장로,,경기도 이천시 대월면 대대리 186-10,636,1,N,N,37.2213573,127.4822372,2,4,7.2,N,N,N,,,N,N,N,N,경기도 이천시청,031-644-2443,2025-02-25
경기도,이천시,대장로,,경기도 이천시 대월면 대대리 761,637,1,N,N,37.22114086,127.4778968,2,4,7.2,N,N,N,,,N,N,N,N,경기도 이천시청,031-644-2443,2025-02-25
경기도,이천시,대장로,,경기도 이천시 대포동 산50-1,638,1,N,N,37.21950048,127.4641882,3,4,10.8,N,N,N,,,N,N,N,N,경기도 이천시청,031-644-2443,2025-02-25
경기도,이천시,대장로,,경기도 이천시 대포동 255-9,639,1,N,N,37.21991561,127.4640217,2,4,29,N,N,N,,,N,N,N,N,경기도 이천시청,031-644-2443,2025-02-25
경기도,이천시,대장로,,경기도 이천시 대포동 산37-1,640,1,N,N,37.21541544,127.4576425,3,4,9.8,N,N,N,,,N,N,N,N,경기도 이천시청,031-644-2443,2025-02-25
경기도,이천시,대장로,,경기도 이천시 대포동 산21-1,641,1,N,N,37.21466095,127.4554229,2,4,6.8,N,N,N,,,N,N,N,N,경기도 이천시청,031-644-2443,2025-02-25
경기도,이천시,아리역로,,경기도 이천시 창전동 476,642,1,N,N,37.28611557,127.4392286,2,4,7.2,N,N,N,,,N,N,N,N,경기도 이천시청,031-644-2443,2025-02-25
경기도,이천시,현방로,,경기도 이천시 백사면 현방리 354-1,643,1,N,N,37.33901522,127.4913556,2,4,7.2,N,N,N,,,N,N,N,N,경기도 이천시청,031-644-2443,2025-02-25
경기도,이천시,이섭대천로,,경기도 이천시 율현동 527,644,1,N,N,37.25770828,127.4450283,6,8,18.5,N,N,N,,,N,N,N,N,경기도 이천시청,031-644-2443,2025-02-25
경기도,이천시,이섭대천로,,경기도 이천시 증포동 434,645,1,N,N,37.29451106,127.4563583,2,2,8,N,N,N,,,N,N,N,N,경기도 이천시청,031-644-2443,2025-02-25
경기도,이천시,이섭대천로,경기도 이천시 이섭대천로1311번길 18,경기도 이천시 증포동 375-11,646,1,N,N,37.28767543,127.4495088,2,2,9.4,N,N,N,,,N,N,N,N,경기도 이천시청,031-644-2443,2025-02-25
경기도,이천시,증신로,,경기도 이천시 송정동 341,647,1,N,N,37.29814392,127.4390429,3,3,16,N,N,N,,,Y,Y,N,Y,경기도 이천시청,031-644-2443,2025-02-25
경기도,이천시,갈산로,,경기도 이천시 갈산동 210-5,648,1,N,N,37.2877059,127.465611,2,4,7.5,N,N,N,,,N,Y,N,N,경기도 이천시청,031-644-2443,2025-02-25
경기도,이천시,남천로,,경기도 이천시 중리동 236,649,1,N,N,37.27756973,127.441596,2,2,6.5,N,N,N,,,N,Y,N,N,경기도 이천시청,031-644-2443,2025-02-25
경기도,이천시,경충대로,,경기도 이천시 신둔면 수광리 297-2,650,1,N,N,37.30704909,127.4024663,3,2.5,21.5,N,N,N,,,N,Y,N,N,경기도 이천시청,031-644-2443,2025-02-25
경기도,이천시,애련정로,,경기도 이천시 창전동 493,651,1,N,N,37.27877509,127.4503309,2,2,11.5,N,N,N,,,N,Y,N,N,경기도 이천시청,031-644-2443,2025-02-25
경기도,이천시,무촌로,,경기도 이천시 부발읍 마암리 25-4,652,1,N,N,37.28156829,127.4765231,2,3.5,9.5,N,N,N,,,N,Y,N,N,경기도 이천시청,031-644-2443,2025-02-25
경기도,이천시,부발중앙로,,경기도 이천시 부발읍 무촌리 128-8,653,1,N,N,37.278911,127.486611,2,4,6.5,N,N,N,,,N,Y,N,N,경기도 이천시청,031-644-2443,2025-02-25
경기도,이천시,경충대로,,경기도 이천시 사동리 524-2,654,1,N,N,37.242698,127.488494,2,4,8.5,N,N,N,,,N,N,N,N,경기도 이천시청,031-644-2443,2025-02-25
경기도,이천시,청강가창로,,경기도 이천시 마장면 해월리 120-4,655,1,N,N,37.2129926,127.358506,2,4,11.5,N,N,N,,,N,N,N,N,경기도 이천시청,031-644-2443,2025-02-25
경기도,이천시,지산로,,경기도 이천시 마장면 해월리 210-3,656,1,N,N,37.214218,127.354564,2,4,6.5,N,N,N,,,N,N,N,N,경기도 이천시청,031-644-2443,2025-02-25
경기도,이천시,동산로,,경기도 이천시 호법면 단천리 840,657,1,N,N,37.21829932,127.4055117,2,4,6.5,N,N,N,,,N,N,N,N,경기도 이천시청,031-644-2443,2025-02-25
경기도,이천시,동산로,,경기도 이천시 호법면 주박리 521,658,1,N,N,37.21400861,127.4177772,2,4,6.5,N,N,N,,,N,N,N,N,경기도 이천시청,031-644-2443,2025-02-25
경기도,이천시,대덕산로,,경기도 이천시 호법면 주미리 12,659,1,N,N,37.21691513,127.4261891,2,4,6.5,N,N,N,,,N,N,N,N,경기도 이천시청,031-644-2443,2025-02-25
경기도,이천시,진상미로,,경기도 이천시 장록동 292-1,660,1,N,N,37.25315521,127.4575094,2,6,11.5,N,N,N,,,N,N,N,N,경기도 이천시청,031-644-2443,2025-02-25
경기도,이천시,애련정로,,경기도 이천시 창전동 49-22,661,1,N,N,37.28304472,127.451889,2,4,6.5,N,N,N,,,N,N,N,N,경기도 이천시청,031-644-2443,2025-02-25
경기도,이천시,대월로,,경기도 이천시 대월면 사동리 산 45-2,662,1,N,N,37.23256661,127.4938266,0,2,18.35,N,N,N,,,N,Y,N,N,경기도 이천시청,031-644-2443,2025-02-25
경기도,이천시,부악로,,경기도 이천시 중리동 428-4,663,1,N,N,37.27384854,127.4357385,2,4,6.5,N,N,N,,,N,N,N,N,경기도 이천시청,031-644-2443,2025-02-25
